"r_function","r_file","line","exported","s3_method","numerical","roxygen_attached","keywords_internal","formals","source_trace_manifest"
"gRm_stable_fingerprint","R/analysis_identity.R",11,FALSE,FALSE,FALSE,TRUE,TRUE,"x;kind",FALSE
"gRm_analysis_category_identity","R/analysis_identity.R",23,FALSE,FALSE,FALSE,TRUE,TRUE,"project",FALSE
"gRm_analysis_identity","R/analysis_identity.R",59,FALSE,FALSE,FALSE,TRUE,TRUE,"project;data;id;score_groups;bundle",FALSE
"gRm_likelihood_sample_identity","R/analysis_identity.R",110,FALSE,FALSE,FALSE,TRUE,TRUE,"analysis_fingerprint;bundle",FALSE
"gRm_analysis_identity_fields","R/analysis_identity.R",136,FALSE,FALSE,FALSE,TRUE,TRUE,"project;data;id;score_groups;bundle",FALSE
"assert_gRm_analysis_identity","R/analysis_identity.R",163,FALSE,FALSE,FALSE,TRUE,TRUE,"analysis;bundle",FALSE
"ari","R/api-ari.R",39,TRUE,FALSE,FALSE,TRUE,FALSE,"fit;...",FALSE
"new_gRm_ari","R/api-ari.R",64,FALSE,FALSE,FALSE,TRUE,TRUE,"x;metadata",FALSE
"print.gRm_ari","R/api-ari.R",72,FALSE,TRUE,FALSE,TRUE,FALSE,"x;...",FALSE
"cm2","R/api-cm2-cm3.R",294,TRUE,FALSE,FALSE,TRUE,FALSE,"fit;items;score_cuts;bootstrap;nsim;seed;reestimate;bootstrap_max_step;bootstrap_jobs;keep_bootstrap_samples;resample_score_distribution;...",FALSE
"cm3","R/api-cm2-cm3.R",412,TRUE,FALSE,FALSE,TRUE,FALSE,"fit;items;score_cuts;bootstrap;nsim;seed;reestimate;bootstrap_max_step;bootstrap_jobs;keep_bootstrap_samples;resample_score_distribution;...",FALSE
"new_cm2_cm3_result","R/api-cm2-cm3.R",456,FALSE,FALSE,FALSE,TRUE,TRUE,"fit;values;class;result;call",FALSE
"print.gRm_cm2","R/api-cm2-cm3.R",482,FALSE,TRUE,FALSE,TRUE,FALSE,"x;...",FALSE
"print.gRm_cm3","R/api-cm2-cm3.R",488,FALSE,TRUE,FALSE,TRUE,FALSE,"x;...",FALSE
"print_cm2_cm3_result","R/api-cm2-cm3.R",501,FALSE,FALSE,FALSE,TRUE,TRUE,"x;include_cm3",FALSE
"print_cm2_cm3_stat_block","R/api-cm2-cm3.R",541,FALSE,FALSE,FALSE,TRUE,TRUE,"label;row",FALSE
"print_cm2_cm3_bootstrap_status","R/api-cm2-cm3.R",571,FALSE,FALSE,FALSE,TRUE,TRUE,"bootstrap",FALSE
"cm2_cm3_summary_chisq","R/api-cm2-cm3.R",599,FALSE,FALSE,FALSE,TRUE,TRUE,"x",FALSE
"summary.gRm_cm2","R/api-cm2-cm3.R",609,FALSE,TRUE,FALSE,TRUE,FALSE,"object;...",FALSE
"summary.gRm_cm3","R/api-cm2-cm3.R",615,FALSE,TRUE,FALSE,TRUE,FALSE,"object;...",FALSE
"new_cm2_cm3_summary","R/api-cm2-cm3.R",628,FALSE,FALSE,FALSE,TRUE,TRUE,"object;include_cm3",FALSE
"cm2_cm3_selection_metadata","R/api-cm2-cm3.R",682,FALSE,FALSE,FALSE,TRUE,TRUE,"values",FALSE
"cm2_cm3_selection_label","R/api-cm2-cm3.R",703,FALSE,FALSE,FALSE,TRUE,TRUE,"values",FALSE
"cm2_cm3_score_cuts_label","R/api-cm2-cm3.R",721,FALSE,FALSE,FALSE,TRUE,TRUE,"score_cuts",FALSE
"cm2_cm3_aggregate_table","R/api-cm2-cm3.R",736,FALSE,FALSE,FALSE,TRUE,TRUE,"values;include_cm3",FALSE
"cm2_cm3_item_trait_table","R/api-cm2-cm3.R",752,FALSE,FALSE,FALSE,TRUE,TRUE,"values",FALSE
"cm2_cm3_invariance_table","R/api-cm2-cm3.R",763,FALSE,FALSE,FALSE,TRUE,TRUE,"values",FALSE
"cm2_cm3_margin_summary_table","R/api-cm2-cm3.R",791,FALSE,FALSE,FALSE,TRUE,TRUE,"values;include_cm3",FALSE
"cm2_cm3_blank_missing","R/api-cm2-cm3.R",825,FALSE,FALSE,FALSE,TRUE,TRUE,"x",FALSE
"cm2_cm3_public_stat_table","R/api-cm2-cm3.R",839,FALSE,FALSE,FALSE,TRUE,TRUE,"table;first_column",FALSE
"cm2_cm3_bootstrap_summary_table","R/api-cm2-cm3.R",866,FALSE,FALSE,FALSE,TRUE,TRUE,"bootstrap",FALSE
"gRm","R/api-constructors.R",74,TRUE,FALSE,FALSE,TRUE,FALSE,"data;items;exogenous;id;item_levels;exogenous_levels;score_cuts;name",FALSE
"read_digram_project","R/api-constructors.R",169,TRUE,FALSE,FALSE,TRUE,FALSE,"path;items;exogenous;id;score_cuts;name",FALSE
"normalize_public_integer_like","R/api-constructors.R",211,FALSE,FALSE,FALSE,TRUE,TRUE,"value;message;min_length;scalar;lower;upper",FALSE
"gRm_data_argument_label","R/api-constructors.R",256,FALSE,FALSE,FALSE,TRUE,TRUE,"expr",FALSE
"new_gRm_analysis","R/api-constructors.R",277,FALSE,FALSE,FALSE,TRUE,TRUE,"project;data;id;data_name;score_cuts;name;call",FALSE
"normalize_gRm_score_cuts","R/api-constructors.R",317,FALSE,FALSE,FALSE,TRUE,TRUE,"score_cuts;project",FALSE
"resolve_auto_score_groups","R/api-constructors.R",334,FALSE,FALSE,FALSE,TRUE,TRUE,"project",FALSE
"resolve_explicit_score_groups","R/api-constructors.R",361,FALSE,FALSE,FALSE,TRUE,TRUE,"project;score_cuts",FALSE
"validate_gRm_constructor_score_cuts","R/api-constructors.R",380,FALSE,FALSE,FALSE,TRUE,TRUE,"project;score_cuts;what;require_multiple_groups",FALSE
"fit","R/api-fit.R",45,TRUE,FALSE,FALSE,TRUE,FALSE,"object;...",FALSE
"fit.gRm_analysis","R/api-fit.R",50,FALSE,TRUE,FALSE,TRUE,FALSE,"object;ld;dif;max_step;max_delta;...",FALSE
"fit.gRm_model","R/api-fit.R",60,FALSE,TRUE,FALSE,TRUE,FALSE,"object;max_step;max_delta;...",FALSE
"fit.gRm_screen","R/api-fit.R",111,FALSE,TRUE,FALSE,TRUE,FALSE,"object;...",FALSE
"fit.default","R/api-fit.R",119,FALSE,TRUE,FALSE,TRUE,FALSE,"object;...",FALSE
"normalize_public_fit_controls","R/api-fit.R",131,FALSE,FALSE,FALSE,TRUE,TRUE,"max_step;max_delta",FALSE
"normalize_public_max_step","R/api-fit.R",145,FALSE,FALSE,FALSE,TRUE,TRUE,"max_step",FALSE
"normalize_public_max_delta","R/api-fit.R",167,FALSE,FALSE,FALSE,TRUE,TRUE,"max_delta",FALSE
"new_gRm_fit","R/api-fit.R",193,FALSE,FALSE,FALSE,TRUE,TRUE,"model;bundle;fit;values;convergence;source_trace;call",FALSE
"stop_gRm_not_implemented","R/api-fit.R",224,FALSE,FALSE,FALSE,TRUE,TRUE,"feature;validation_needed",FALSE
"logLik.gRm_fit","R/api-likelihood-comparison.R",70,FALSE,TRUE,FALSE,TRUE,FALSE,"object;...",FALSE
"anova.gRm_fit","R/api-likelihood-comparison.R",81,FALSE,TRUE,FALSE,TRUE,FALSE,"object;...;test",FALSE
"gRm_fit_likelihood_info","R/api-likelihood-comparison.R",146,FALSE,FALSE,FALSE,TRUE,TRUE,"object",FALSE
"validate_gRm_fit_likelihood_comparison","R/api-likelihood-comparison.R",199,FALSE,FALSE,FALSE,TRUE,TRUE,"fits",FALSE
"gRm_fit_analysis_fingerprint","R/api-likelihood-comparison.R",287,FALSE,FALSE,FALSE,TRUE,TRUE,"fit",FALSE
"gRm_fit_analysis_identity","R/api-likelihood-comparison.R",307,FALSE,FALSE,FALSE,TRUE,TRUE,"fit",FALSE
"gRm_fit_likelihood_sample","R/api-likelihood-comparison.R",320,FALSE,FALSE,FALSE,TRUE,TRUE,"fit",FALSE
"gRm_fit_term_component","R/api-likelihood-comparison.R",343,FALSE,FALSE,FALSE,TRUE,TRUE,"x",FALSE
"gRm_fit_term_set","R/api-likelihood-comparison.R",353,FALSE,FALSE,FALSE,TRUE,TRUE,"fit",FALSE
"normalize_gRm_likelihood_test","R/api-likelihood-comparison.R",388,FALSE,FALSE,FALSE,TRUE,TRUE,"test",FALSE
"gRm_fit_anova_heading","R/api-likelihood-comparison.R",413,FALSE,FALSE,FALSE,TRUE,TRUE,"index;fits",FALSE
"gRm_fit_model_label","R/api-likelihood-comparison.R",425,FALSE,FALSE,FALSE,TRUE,TRUE,"fit",FALSE
"model_terms_from_spec_for_label","R/api-likelihood-comparison.R",442,FALSE,FALSE,FALSE,TRUE,TRUE,"spec",FALSE
"model_graph","R/api-model-graph.R",43,TRUE,FALSE,FALSE,TRUE,FALSE,"object;...",FALSE
"model_graph.gRm_model","R/api-model-graph.R",48,FALSE,TRUE,FALSE,TRUE,FALSE,"object;...",FALSE
"model_graph.gRm_fit","R/api-model-graph.R",54,FALSE,TRUE,FALSE,TRUE,FALSE,"object;...",FALSE
"build_gRm_model_graph","R/api-model-graph.R",70,FALSE,FALSE,FALSE,TRUE,TRUE,"model",FALSE
"gRm_graph_vertices","R/api-model-graph.R",101,FALSE,FALSE,FALSE,TRUE,TRUE,"items;exogenous",FALSE
"gRm_graph_ids","R/api-model-graph.R",130,FALSE,FALSE,FALSE,TRUE,TRUE,"type;values",FALSE
"gRm_centered_y","R/api-model-graph.R",146,FALSE,FALSE,FALSE,TRUE,TRUE,"n;top_to_bottom",FALSE
"gRm_graph_edge_frame","R/api-model-graph.R",163,FALSE,FALSE,FALSE,TRUE,TRUE,"",FALSE
"gRm_graph_score_edges","R/api-model-graph.R",183,FALSE,FALSE,FALSE,TRUE,TRUE,"items",FALSE
"gRm_graph_ld_edges","R/api-model-graph.R",203,FALSE,FALSE,FALSE,TRUE,TRUE,"ld",FALSE
"gRm_graph_dif_edges","R/api-model-graph.R",226,FALSE,FALSE,FALSE,TRUE,TRUE,"dif",FALSE
"plot.gRm_model","R/api-model-plot.R",40,FALSE,TRUE,FALSE,TRUE,FALSE,"x;...;layout;x_spacing;y_spacing;item_spacing;vertex.label;vertex.color;vertex.shape;vertex.size;vertex.label.cex;vertex.label.dist;vertex.label.degree;edge.color;edge.lty;edge.width;margin;rescale;xlim;ylim",FALSE
"plot.gRm_fit","R/api-model-plot.R",88,FALSE,TRUE,FALSE,TRUE,FALSE,"x;...;layout;x_spacing;y_spacing;item_spacing;vertex.label;vertex.color;vertex.shape;vertex.size;vertex.label.cex;vertex.label.dist;vertex.label.degree;edge.color;edge.lty;edge.width;margin;rescale;xlim;ylim",FALSE
"plot_gRm_model_graph","R/api-model-plot.R",160,FALSE,FALSE,FALSE,TRUE,TRUE,"graph;...;layout;x_spacing;y_spacing;item_spacing;vertex.label;vertex.color;vertex.shape;vertex.size;vertex.label.cex;vertex.label.dist;vertex.label.degree;edge.color;edge.lty;edge.width;margin;rescale;xlim;ylim",FALSE
"gRm_graph_score_left_plot_layers","R/api-model-plot.R",333,FALSE,FALSE,FALSE,TRUE,TRUE,"graph;x_spacing;y_spacing;item_spacing;vertex.label;vertex.color;vertex.shape;vertex.size;vertex.label.cex;vertex.label.dist;edge.color;edge.lty;edge.width;margin;xlim;ylim",FALSE
"gRm_graph_item_plot_rows","R/api-model-plot.R",487,FALSE,FALSE,FALSE,TRUE,TRUE,"vertices",FALSE
"gRm_draw_score_left_graph","R/api-model-plot.R",506,FALSE,FALSE,FALSE,TRUE,TRUE,"layers;...",FALSE
"gRm_quadratic_edge_path","R/api-model-plot.R",610,FALSE,FALSE,FALSE,TRUE,TRUE,"x0;y0;control_x;control_y;x1;y1;n",FALSE
"gRm_graph_base_pch","R/api-model-plot.R",631,FALSE,FALSE,FALSE,TRUE,TRUE,"shape",FALSE
"gRm_score_left_plot_limits","R/api-model-plot.R",651,FALSE,FALSE,FALSE,TRUE,TRUE,"vertices;x_spacing;margin;xlim;ylim",FALSE
"gRm_recycle_plot_value","R/api-model-plot.R",684,FALSE,FALSE,FALSE,TRUE,TRUE,"value;n",FALSE
"gRm_graph_plot_limits","R/api-model-plot.R",701,FALSE,FALSE,FALSE,TRUE,TRUE,"graph_layout;vertex.size;vertex.label.dist;margin",FALSE
"gRm_graph_plot_layout","R/api-model-plot.R",739,FALSE,FALSE,FALSE,TRUE,TRUE,"graph;layout;x_spacing;y_spacing;item_spacing",FALSE
"gllrm","R/api-model-spec.R",38,TRUE,FALSE,FALSE,TRUE,FALSE,"project;ld;dif",FALSE
"model_terms","R/api-model-spec.R",72,FALSE,FALSE,FALSE,TRUE,TRUE,"object;...",FALSE
"model_terms.gRm_model","R/api-model-spec.R",77,FALSE,TRUE,FALSE,TRUE,FALSE,"object;...",FALSE
"model_terms.gRm_fit","R/api-model-spec.R",88,FALSE,TRUE,FALSE,TRUE,FALSE,"object;...",FALSE
"model_terms.gRm_screen","R/api-model-spec.R",94,FALSE,TRUE,FALSE,TRUE,FALSE,"object;...",FALSE
"as_gRm_analysis","R/api-model-spec.R",112,FALSE,FALSE,FALSE,TRUE,TRUE,"x",FALSE
"new_gRm_model","R/api-model-spec.R",150,FALSE,FALSE,FALSE,TRUE,TRUE,"analysis;ld;dif;screen;call",FALSE
"new_gRm_model_from_canonical_terms","R/api-model-spec.R",185,FALSE,FALSE,FALSE,TRUE,TRUE,"model;ld;dif;call",FALSE
"gllrm_from_screen","R/api-model-spec.R",214,FALSE,FALSE,FALSE,TRUE,TRUE,"screen;ld;dif;call",FALSE
"selected_screen_terms","R/api-model-spec.R",234,FALSE,FALSE,FALSE,TRUE,TRUE,"screen",FALSE
"update.gRm_model","R/api-model-spec.R",280,FALSE,TRUE,FALSE,TRUE,FALSE,"object;ld;dif;...",FALSE
"parse_ld_formula","R/api-model-spec.R",297,FALSE,FALSE,FALSE,TRUE,TRUE,"formula;analysis;source",FALSE
"parse_dif_formula","R/api-model-spec.R",316,FALSE,FALSE,FALSE,TRUE,TRUE,"formula;analysis;source",FALSE
"parse_gRm_interaction_formula","R/api-model-spec.R",337,FALSE,FALSE,FALSE,TRUE,TRUE,"formula;items;exogenous;type;source",FALSE
"parse_gRm_formula_terms","R/api-model-spec.R",377,FALSE,FALSE,FALSE,TRUE,TRUE,"expr",FALSE
"parse_gRm_formula_variable","R/api-model-spec.R",411,FALSE,FALSE,FALSE,TRUE,TRUE,"expr",FALSE
"canonical_ld_term","R/api-model-spec.R",428,FALSE,FALSE,FALSE,TRUE,TRUE,"vars;items;label;source",FALSE
"canonical_dif_term","R/api-model-spec.R",457,FALSE,FALSE,FALSE,TRUE,TRUE,"vars;items;exogenous;label;source",FALSE
"empty_ld_terms","R/api-model-spec.R",479,FALSE,FALSE,FALSE,TRUE,TRUE,"",FALSE
"empty_dif_terms","R/api-model-spec.R",496,FALSE,FALSE,FALSE,TRUE,TRUE,"",FALSE
"empty_score_effect_terms","R/api-model-spec.R",513,FALSE,FALSE,FALSE,TRUE,TRUE,"",FALSE
"screen_ld_terms","R/api-model-spec.R",530,FALSE,FALSE,FALSE,TRUE,TRUE,"values",FALSE
"screen_dif_terms","R/api-model-spec.R",556,FALSE,FALSE,FALSE,TRUE,TRUE,"values",FALSE
"screen_score_effect_terms","R/api-model-spec.R",579,FALSE,FALSE,FALSE,TRUE,TRUE,"values",FALSE
"score_effects","R/api-results.R",51,TRUE,FALSE,FALSE,TRUE,FALSE,"analysis;inference;nsim;seed;critlevel;risk",FALSE
"score_effects_public_table","R/api-results.R",99,FALSE,FALSE,FALSE,TRUE,TRUE,"values;metadata;call",FALSE
"score_effects_tests_table","R/api-results.R",127,FALSE,FALSE,FALSE,TRUE,TRUE,"values;inference",FALSE
"score_effects_column","R/api-results.R",178,FALSE,FALSE,FALSE,TRUE,TRUE,"tests;column;default",FALSE
"item_fit","R/api-results.R",292,TRUE,FALSE,FALSE,TRUE,FALSE,"fit;which;include_extended;...",FALSE
"item_fit_public_table","R/api-results.R",325,FALSE,FALSE,FALSE,TRUE,TRUE,"values;which;include_extended;call",FALSE
"item_fit_tests_table","R/api-results.R",375,FALSE,FALSE,FALSE,TRUE,TRUE,"values",FALSE
"item_fit_fdr_marker","R/api-results.R",414,FALSE,FALSE,FALSE,TRUE,TRUE,"risk",FALSE
"item_fit_items_table","R/api-results.R",426,FALSE,FALSE,FALSE,TRUE,TRUE,"values",FALSE
"item_fit_empty_items_table","R/api-results.R",453,FALSE,FALSE,FALSE,TRUE,TRUE,"",FALSE
"item_fit_public_column","R/api-results.R",479,FALSE,FALSE,FALSE,TRUE,TRUE,"table;column;prototype;n",FALSE
"item_fit_public_missing_value","R/api-results.R",493,FALSE,FALSE,FALSE,TRUE,TRUE,"prototype",FALSE
"item_fit_bh_table","R/api-results.R",516,FALSE,FALSE,FALSE,TRUE,TRUE,"values",FALSE
"item_fit_bh_footer","R/api-results.R",533,FALSE,FALSE,FALSE,TRUE,TRUE,"bh;digits",FALSE
"score_effects_bh_table","R/api-results.R",559,FALSE,FALSE,FALSE,TRUE,TRUE,"values",FALSE
"score_effects_bh_footer","R/api-results.R",577,FALSE,FALSE,FALSE,TRUE,TRUE,"bh;digits",FALSE
"item_fit_bh_fdr_label","R/api-results.R",588,FALSE,FALSE,FALSE,TRUE,TRUE,"threshold",FALSE
"make_gRm_direct_table","R/api-results.R",614,FALSE,FALSE,FALSE,TRUE,TRUE,"table;class;values;bh;which;title;table_note;analysis;fit;result;metadata;call",FALSE
"local_dependence","R/api-results.R",671,TRUE,FALSE,FALSE,TRUE,FALSE,"fit;max_step;max_delta;jobs;...",FALSE
"dif","R/api-results.R",738,TRUE,FALSE,FALSE,TRUE,FALSE,"fit;max_step;max_delta;jobs;...",FALSE
"global_homogeneity","R/api-results.R",832,TRUE,FALSE,FALSE,TRUE,FALSE,"fit;score_cuts;max_step;max_delta;...",FALSE
"new_gRm_result","R/api-results.R",890,FALSE,FALSE,FALSE,TRUE,TRUE,"class;analysis;fit;values;result;metadata;call",FALSE
"as_public_gRm_analysis","R/api-results.R",926,FALSE,FALSE,FALSE,TRUE,TRUE,"x",FALSE
"as_public_gRm_fit","R/api-results.R",949,FALSE,FALSE,FALSE,TRUE,TRUE,"x",FALSE
"is_gllrm_public_fit","R/api-results.R",963,FALSE,FALSE,FALSE,TRUE,TRUE,"fit",FALSE
"normalize_public_jobs","R/api-results.R",976,FALSE,FALSE,FALSE,TRUE,TRUE,"jobs",FALSE
"reject_public_dots","R/api-results.R",995,FALSE,FALSE,FALSE,TRUE,TRUE,"...",FALSE
"normalize_public_logical","R/api-results.R",1021,FALSE,FALSE,FALSE,TRUE,TRUE,"value;argument",FALSE
"normalize_public_score_cuts","R/api-results.R",1038,FALSE,FALSE,FALSE,TRUE,TRUE,"score_cuts;project;default;bundle",FALSE
"screen","R/api-screen.R",93,TRUE,FALSE,FALSE,TRUE,FALSE,"project;...",FALSE
"screen.gRm_analysis","R/api-screen.R",99,FALSE,TRUE,FALSE,TRUE,FALSE,"project;inference;nsim;seed;critlevel;risk;...",FALSE
"screen.gRm_project","R/api-screen.R",146,FALSE,TRUE,FALSE,TRUE,FALSE,"project;inference;nsim;seed;critlevel;risk;...",FALSE
"screen.default","R/api-screen.R",165,FALSE,TRUE,FALSE,TRUE,FALSE,"project;...",FALSE
"print.gRm_screen","R/api-screen.R",170,FALSE,TRUE,FALSE,TRUE,FALSE,"x;...",FALSE
"validate_summary_which","R/api-summary-analysis.R",9,FALSE,FALSE,FALSE,TRUE,TRUE,"which;allowed",FALSE
"reject_summary_which","R/api-summary-analysis.R",39,FALSE,FALSE,FALSE,TRUE,TRUE,"...",FALSE
"analysis_summary_table","R/api-summary-analysis.R",55,FALSE,FALSE,FALSE,TRUE,TRUE,"object",FALSE
"analysis_summary_header","R/api-summary-analysis.R",74,FALSE,FALSE,FALSE,TRUE,TRUE,"object",FALSE
"analysis_summary_score_group_label","R/api-summary-analysis.R",113,FALSE,FALSE,FALSE,TRUE,TRUE,"object",FALSE
"analysis_score_group_distribution","R/api-summary-analysis.R",134,FALSE,FALSE,FALSE,TRUE,TRUE,"object",FALSE
"score_range_label","R/api-summary-analysis.R",189,FALSE,FALSE,FALSE,TRUE,TRUE,"from_score;to_score",FALSE
"print_analysis_score_group_distribution","R/api-summary-analysis.R",203,FALSE,FALSE,FALSE,TRUE,TRUE,"table",FALSE
"analysis_summary_level_counts","R/api-summary-analysis.R",231,FALSE,FALSE,FALSE,TRUE,TRUE,"variables",FALSE
"summary_header_names","R/api-summary-analysis.R",246,FALSE,FALSE,FALSE,TRUE,TRUE,"x;empty",FALSE
"model_summary_table","R/api-summary-analysis.R",260,FALSE,FALSE,FALSE,TRUE,TRUE,"object",FALSE
"fit_summary_table","R/api-summary-analysis.R",278,FALSE,FALSE,FALSE,TRUE,TRUE,"object",FALSE
"public_model_type","R/api-summary-analysis.R",299,FALSE,FALSE,FALSE,TRUE,TRUE,"object",FALSE
"public_model_label","R/api-summary-analysis.R",318,FALSE,FALSE,FALSE,TRUE,TRUE,"object;noun",FALSE
"public_model_type_label","R/api-summary-analysis.R",329,FALSE,FALSE,FALSE,TRUE,TRUE,"model_type",FALSE
"public_screen_terms","R/api-summary-analysis.R",344,FALSE,FALSE,FALSE,TRUE,TRUE,"object",FALSE
"yes_no_display","R/api-summary-format.R",8,FALSE,FALSE,FALSE,TRUE,TRUE,"x",FALSE
"public_bh_marker_note","R/api-summary-format.R",24,FALSE,FALSE,FALSE,TRUE,TRUE,"bh;digits",FALSE
"public_screen_bh_marker_note","R/api-summary-format.R",51,FALSE,FALSE,FALSE,TRUE,TRUE,"bh;digits",FALSE
"public_value_tables","R/api-summary-format.R",86,FALSE,FALSE,FALSE,TRUE,TRUE,"values",FALSE
"public_selected_by_bh","R/api-summary-format.R",152,FALSE,FALSE,FALSE,TRUE,TRUE,"tests;threshold",FALSE
"public_selected_rows","R/api-summary-format.R",168,FALSE,FALSE,FALSE,TRUE,TRUE,"rows",FALSE
"public_format_table","R/api-summary-format.R",188,FALSE,FALSE,FALSE,TRUE,TRUE,"table",FALSE
"public_global_homogeneity_test","R/api-summary-homogeneity.R",8,FALSE,FALSE,FALSE,TRUE,TRUE,"summary",FALSE
"public_global_homogeneity_score_groups","R/api-summary-homogeneity.R",29,FALSE,FALSE,FALSE,TRUE,TRUE,"groups",FALSE
"public_global_homogeneity_item_means","R/api-summary-homogeneity.R",52,FALSE,FALSE,FALSE,TRUE,TRUE,"items;groups",FALSE
"public_global_homogeneity_uniform_ld","R/api-summary-homogeneity.R",75,FALSE,FALSE,FALSE,TRUE,TRUE,"table;values",FALSE
"public_global_homogeneity_uniform_dif","R/api-summary-homogeneity.R",113,FALSE,FALSE,FALSE,TRUE,TRUE,"table;values",FALSE
"global_homogeneity_default_summary_sections","R/api-summary-homogeneity.R",150,FALSE,FALSE,FALSE,TRUE,TRUE,"values",FALSE
"global_homogeneity_table_nrow","R/api-summary-homogeneity.R",168,FALSE,FALSE,FALSE,TRUE,TRUE,"table",FALSE
"global_homogeneity_uniform_gamma_columns","R/api-summary-homogeneity.R",184,FALSE,FALSE,FALSE,TRUE,TRUE,"table;values",FALSE
"global_homogeneity_uniform_score_group_labels","R/api-summary-homogeneity.R",215,FALSE,FALSE,FALSE,TRUE,TRUE,"table;groups",FALSE
"global_homogeneity_uniform_n_groups","R/api-summary-homogeneity.R",238,FALSE,FALSE,FALSE,TRUE,TRUE,"table",FALSE
"global_homogeneity_uniform_gamma_matrix","R/api-summary-homogeneity.R",264,FALSE,FALSE,FALSE,TRUE,TRUE,"table;column;n_groups",FALSE
"global_homogeneity_context_variables","R/api-summary-homogeneity.R",287,FALSE,FALSE,FALSE,TRUE,TRUE,"values;kind",FALSE
"global_homogeneity_label_names","R/api-summary-homogeneity.R",310,FALSE,FALSE,FALSE,TRUE,TRUE,"labels;variables",FALSE
"global_homogeneity_score_group_labels","R/api-summary-homogeneity.R",329,FALSE,FALSE,FALSE,TRUE,TRUE,"groups",FALSE
"global_homogeneity_item_score_group_labels","R/api-summary-homogeneity.R",350,FALSE,FALSE,FALSE,TRUE,TRUE,"items;groups",FALSE
"diagnostic_column","R/api-summary-homogeneity.R",375,FALSE,FALSE,FALSE,TRUE,TRUE,"tests;column;default",FALSE
"print.summary.gRm","R/api-summary-print.R",2,FALSE,TRUE,FALSE,TRUE,FALSE,"x;...",FALSE
"print_summary_table_note","R/api-summary-print.R",126,FALSE,FALSE,FALSE,TRUE,TRUE,"note",FALSE
"print_summary_table","R/api-summary-print.R",142,FALSE,FALSE,FALSE,TRUE,TRUE,"table",FALSE
"format_cm2_cm3_summary_table","R/api-summary-print.R",164,FALSE,FALSE,FALSE,TRUE,TRUE,"table",FALSE
"print_diagnostic_tests_table","R/api-summary-print.R",201,FALSE,FALSE,FALSE,TRUE,TRUE,"table;gamma_columns",FALSE
"print_screen_tests_table","R/api-summary-print.R",241,FALSE,FALSE,FALSE,TRUE,TRUE,"table",FALSE
"print_global_homogeneity_test_table","R/api-summary-print.R",297,FALSE,FALSE,FALSE,TRUE,TRUE,"table",FALSE
"print_global_homogeneity_score_group_table","R/api-summary-print.R",335,FALSE,FALSE,FALSE,TRUE,TRUE,"table",FALSE
"print_global_homogeneity_item_means_table","R/api-summary-print.R",366,FALSE,FALSE,FALSE,TRUE,TRUE,"table",FALSE
"print_score_effects_tests_table","R/api-summary-print.R",397,FALSE,FALSE,FALSE,TRUE,TRUE,"table",FALSE
"print_global_homogeneity_uniform_table","R/api-summary-print.R",446,FALSE,FALSE,FALSE,TRUE,TRUE,"table",FALSE
"print_item_fit_tests_table","R/api-summary-print.R",458,FALSE,FALSE,FALSE,TRUE,TRUE,"table",FALSE
"print_item_fit_items_table","R/api-summary-print.R",522,FALSE,FALSE,FALSE,TRUE,TRUE,"table",FALSE
"diagnostic_print_max","R/api-summary-print.R",562,FALSE,FALSE,FALSE,TRUE,TRUE,"table",FALSE
"print_model_summary_table","R/api-summary-print.R",574,FALSE,FALSE,FALSE,TRUE,TRUE,"table",FALSE
"print_fit_summary_table","R/api-summary-print.R",595,FALSE,FALSE,FALSE,TRUE,TRUE,"table",FALSE
"summary_scalar","R/api-summary-print.R",623,FALSE,FALSE,FALSE,TRUE,TRUE,"x",FALSE
"summary_p_value","R/api-summary-print.R",644,FALSE,FALSE,FALSE,TRUE,TRUE,"x;empirical",FALSE
"summary_p_values","R/api-summary-print.R",661,FALSE,FALSE,FALSE,TRUE,TRUE,"x;empirical",FALSE
"print_fit_parameter_table","R/api-summary-print.R",678,FALSE,FALSE,FALSE,TRUE,TRUE,"table",FALSE
"print_fit_threshold_table","R/api-summary-print.R",696,FALSE,FALSE,FALSE,TRUE,TRUE,"table",FALSE
"fit_threshold_display_names","R/api-summary-print.R",720,FALSE,FALSE,FALSE,TRUE,TRUE,"names",FALSE
"fit_parameter_display_names","R/api-summary-print.R",740,FALSE,FALSE,FALSE,TRUE,TRUE,"names",FALSE
"print_model_term_table","R/api-summary-print.R",764,FALSE,FALSE,FALSE,TRUE,TRUE,"title;table;type",FALSE
"print_fit_term_table","R/api-summary-print.R",789,FALSE,FALSE,FALSE,TRUE,TRUE,"table",FALSE
"term_rows","R/api-summary-print.R",805,FALSE,FALSE,FALSE,TRUE,TRUE,"table;type",FALSE
"model_term_annotation","R/api-summary-print.R",821,FALSE,FALSE,FALSE,TRUE,TRUE,"row",FALSE
"summary_convergence_remarks","R/api-summary-print.R",847,FALSE,FALSE,FALSE,TRUE,TRUE,"tables",FALSE
"screen_summary_header","R/api-summary-screen.R",9,FALSE,FALSE,FALSE,TRUE,TRUE,"object;tables",FALSE
"public_screen_bh_table","R/api-summary-screen.R",49,FALSE,FALSE,FALSE,TRUE,TRUE,"object",FALSE
"public_screen_summary_tables","R/api-summary-screen.R",66,FALSE,FALSE,FALSE,TRUE,TRUE,"object",FALSE
"public_screen_local_dependence_tests","R/api-summary-screen.R",91,FALSE,FALSE,FALSE,TRUE,TRUE,"values",FALSE
"public_screen_dif_tests","R/api-summary-screen.R",153,FALSE,FALSE,FALSE,TRUE,TRUE,"values",FALSE
"public_screen_score_effect_tests","R/api-summary-screen.R",205,FALSE,FALSE,FALSE,TRUE,TRUE,"values",FALSE
"screen_item_names","R/api-summary-screen.R",245,FALSE,FALSE,FALSE,TRUE,TRUE,"table;n",FALSE
"screen_matrix_value","R/api-summary-screen.R",266,FALSE,FALSE,FALSE,TRUE,TRUE,"matrix;index;default",FALSE
"public_local_dependence_tests","R/api-summary-screen.R",285,FALSE,FALSE,FALSE,TRUE,TRUE,"tests;bh_critical_p",FALSE
"public_dif_tests","R/api-summary-screen.R",316,FALSE,FALSE,FALSE,TRUE,TRUE,"tests;bh_critical_p",FALSE
"empty_result_table","R/api-summary-tables.R",8,FALSE,FALSE,FALSE,TRUE,TRUE,"columns",FALSE
"result_matrix_long_table","R/api-summary-tables.R",25,FALSE,FALSE,FALSE,TRUE,TRUE,"mat;row_name;col_name;value_name;keep_diagonal",FALSE
"result_named_vector_table","R/api-summary-tables.R",58,FALSE,FALSE,FALSE,TRUE,TRUE,"x;name_col;value_col",FALSE
"item_parameter_fit_summary","R/api-summary-tables.R",79,FALSE,FALSE,FALSE,TRUE,TRUE,"x",FALSE
"item_gamma_result_table","R/api-summary-tables.R",100,FALSE,FALSE,FALSE,TRUE,TRUE,"x",FALSE
"item_threshold_result_table","R/api-summary-tables.R",113,FALSE,FALSE,FALSE,TRUE,TRUE,"x",FALSE
"item_score_matrix_result_table","R/api-summary-tables.R",127,FALSE,FALSE,FALSE,TRUE,TRUE,"mat;value_name",FALSE
"item_effect_result_tables","R/api-summary-tables.R",140,FALSE,FALSE,FALSE,TRUE,TRUE,"x",FALSE
"item_parameter_result_tables","R/api-summary-tables.R",153,FALSE,FALSE,FALSE,TRUE,TRUE,"x",FALSE
"summary_table","R/api-summary.R",8,FALSE,FALSE,FALSE,TRUE,TRUE,"x",FALSE
"print.gRm_analysis","R/api-summary.R",12,FALSE,TRUE,FALSE,TRUE,FALSE,"x;...",FALSE
"print.gRm_model","R/api-summary.R",29,FALSE,TRUE,FALSE,TRUE,FALSE,"x;...",FALSE
"print.gRm_fit","R/api-summary.R",36,FALSE,TRUE,FALSE,TRUE,FALSE,"x;...",FALSE
"print.gRm_direct_table","R/api-summary.R",58,FALSE,TRUE,FALSE,TRUE,FALSE,"x;...",FALSE
"print.gRm_local_dependence","R/api-summary.R",79,FALSE,TRUE,FALSE,TRUE,FALSE,"x;...",FALSE
"print.gRm_dif","R/api-summary.R",88,FALSE,TRUE,FALSE,TRUE,FALSE,"x;...",FALSE
"print.gRm_global_homogeneity","R/api-summary.R",103,FALSE,TRUE,FALSE,TRUE,FALSE,"x;...",FALSE
"print_diagnostic_status","R/api-summary.R",142,FALSE,FALSE,FALSE,TRUE,TRUE,"x;title;candidate_label;before_selection;after_convergence",FALSE
"diagnostic_tests","R/api-summary.R",172,FALSE,FALSE,FALSE,TRUE,TRUE,"x",FALSE
"diagnostic_included_tests","R/api-summary.R",188,FALSE,FALSE,FALSE,TRUE,TRUE,"x",FALSE
"diagnostic_true_count","R/api-summary.R",205,FALSE,FALSE,FALSE,TRUE,TRUE,"tests;column",FALSE
"diagnostic_false_count","R/api-summary.R",220,FALSE,FALSE,FALSE,TRUE,TRUE,"tests;column",FALSE
"diagnostic_threshold_label","R/api-summary.R",234,FALSE,FALSE,FALSE,TRUE,TRUE,"threshold",FALSE
"print_gRm_result","R/api-summary.R",252,FALSE,FALSE,FALSE,TRUE,TRUE,"x",FALSE
"make_gRm_summary","R/api-summary.R",281,FALSE,FALSE,FALSE,TRUE,TRUE,"object;title;which;allowed;tables;bh_tests;header;print_tables;table_names;table_notes;extra_tables;summary_attributes;print_table_names;remark_tables",FALSE
"summary.gRm_analysis","R/api-summary.R",313,FALSE,TRUE,FALSE,TRUE,FALSE,"object;...",FALSE
"summary.gRm_model","R/api-summary.R",330,FALSE,TRUE,FALSE,TRUE,FALSE,"object;...",FALSE
"summary.gRm_fit","R/api-summary.R",347,FALSE,TRUE,FALSE,TRUE,FALSE,"object;which;...",FALSE
"summary.gRm_screen","R/api-summary.R",373,FALSE,TRUE,FALSE,TRUE,FALSE,"object;...",FALSE
"summary.gRm_local_dependence","R/api-summary.R",402,FALSE,TRUE,FALSE,TRUE,FALSE,"object;...",FALSE
"summary.gRm_dif","R/api-summary.R",434,FALSE,TRUE,FALSE,TRUE,FALSE,"object;...",FALSE
"summary.gRm_global_homogeneity","R/api-summary.R",467,FALSE,TRUE,FALSE,TRUE,FALSE,"object;which;...",FALSE
"global_homogeneity_source_status","R/api-summary.R",528,FALSE,FALSE,FALSE,TRUE,TRUE,"items",FALSE
"runtime_source_backed_summary","R/api-summary.R",548,FALSE,FALSE,FALSE,TRUE,TRUE,"items;column",FALSE
"new_gRm_summary","R/api-summary.R",584,FALSE,FALSE,FALSE,TRUE,TRUE,"object;title;which;tables;bh_tests;header;print_tables;table_names;table_notes;extra_tables;summary_attributes;print_table_names;remark_tables",FALSE
"list_to_one_row","R/api-table-helpers.R",8,FALSE,FALSE,FALSE,TRUE,TRUE,"x",FALSE
"result_matrix_table","R/api-table-helpers.R",27,FALSE,FALSE,FALSE,TRUE,TRUE,"x;key_name;value_name",FALSE
"result_named_numeric_table","R/api-table-helpers.R",50,FALSE,FALSE,FALSE,TRUE,TRUE,"x;name_col;value_col",FALSE
"rbind_fill_typed_na","R/api-table-helpers.R",69,FALSE,FALSE,FALSE,TRUE,TRUE,"x",FALSE
"rbind_fill","R/api-table-helpers.R",92,FALSE,FALSE,FALSE,TRUE,TRUE,"...",FALSE
"normalize_summary_table","R/api-table-helpers.R",124,FALSE,FALSE,FALSE,TRUE,TRUE,"x",FALSE
"ari_validate_plot_input","R/ari_plot.R",9,FALSE,FALSE,FALSE,TRUE,TRUE,"x;confidence",FALSE
"ari_validate_whole_number","R/ari_plot.R",55,FALSE,FALSE,FALSE,TRUE,TRUE,"x;name",FALSE
"ari_validate_probability_scalar","R/ari_plot.R",73,FALSE,FALSE,FALSE,TRUE,TRUE,"x;name",FALSE
"ari_score_intervals","R/ari_plot.R",91,FALSE,FALSE,FALSE,TRUE,TRUE,"x;class_size",FALSE
"ari_confidence_multiplier","R/ari_plot.R",134,FALSE,FALSE,FALSE,TRUE,TRUE,"confidence",FALSE
"ari_plot_data","R/ari_plot.R",148,FALSE,FALSE,FALSE,TRUE,TRUE,"x;class_size;confidence",FALSE
"ari_filter_plot_items","R/ari_plot.R",204,FALSE,FALSE,FALSE,TRUE,TRUE,"x;items",FALSE
"ari_validate_facet_layout","R/ari_plot.R",253,FALSE,FALSE,FALSE,TRUE,TRUE,"plot_data;rows;columns",FALSE
"plot.gRm_ari","R/ari_plot.R",328,FALSE,TRUE,FALSE,TRUE,FALSE,"x;...;class_size;rows;columns;items;confidence;show_expected",FALSE
"ari_values","R/ari_values.R",9,FALSE,FALSE,TRUE,TRUE,TRUE,"fit",TRUE
"ari_observed_tables","R/ari_values.R",24,FALSE,FALSE,TRUE,TRUE,TRUE,"bundle",TRUE
"ari_expected_moments","R/ari_values.R",88,FALSE,FALSE,TRUE,TRUE,TRUE,"fit",TRUE
"ari_row_table","R/ari_values.R",118,FALSE,FALSE,TRUE,TRUE,TRUE,"bundle;observed;expected",TRUE
"ari_global_item_max","R/ari_values.R",195,FALSE,FALSE,TRUE,TRUE,TRUE,"items",TRUE
"ari_table_columns","R/ari_values.R",207,FALSE,FALSE,TRUE,TRUE,TRUE,"global_item_max",TRUE
"ari_empty_table","R/ari_values.R",225,FALSE,FALSE,TRUE,TRUE,TRUE,"global_item_max",TRUE
"cm2_cm3_bootstrap_weighted_index","R/cm2_cm3_bootstrap_generate.R",11,FALSE,FALSE,TRUE,TRUE,TRUE,"cumulative_probabilities;rng",TRUE
"cm2_cm3_bootstrap_generate_group","R/cm2_cm3_bootstrap_generate.R",40,FALSE,FALSE,TRUE,TRUE,TRUE,"context;distribution;total_score;count;rng",TRUE
"cm2_cm3_bootstrap_generate_sample","R/cm2_cm3_bootstrap_generate.R",125,FALSE,FALSE,TRUE,TRUE,TRUE,"context;groups;distribution_cache;rng",TRUE
"cm2_cm3_bootstrap_bundle","R/cm2_cm3_bootstrap_generate.R",219,FALSE,FALSE,TRUE,TRUE,TRUE,"fit;sample",TRUE
"cm2_cm3_apply_parametric_bootstrap","R/cm2_cm3_bootstrap_run.R",15,FALSE,FALSE,TRUE,TRUE,TRUE,"fit;values;context;state;include_three_way;control",TRUE
"cm2_cm3_bootstrap_generate_samples","R/cm2_cm3_bootstrap_run.R",225,FALSE,FALSE,TRUE,TRUE,TRUE,"run_context",TRUE
"cm2_cm3_bootstrap_worker_count","R/cm2_cm3_bootstrap_run.R",248,FALSE,FALSE,FALSE,TRUE,TRUE,"jobs;nsim",FALSE
"cm2_cm3_bootstrap_map_samples","R/cm2_cm3_bootstrap_run.R",272,FALSE,FALSE,FALSE,TRUE,TRUE,"samples;run_context;jobs",FALSE
"cm2_cm3_bootstrap_replicate","R/cm2_cm3_bootstrap_run.R",331,FALSE,FALSE,TRUE,TRUE,TRUE,"replicate;sample;run_context",TRUE
"cm2_cm3_bootstrap_analyze","R/cm2_cm3_bootstrap_summary.R",12,FALSE,FALSE,TRUE,TRUE,TRUE,"context;state;specs;score_cuts",TRUE
"cm2_cm3_bootstrap_aggregate_rows","R/cm2_cm3_bootstrap_summary.R",41,FALSE,FALSE,TRUE,TRUE,TRUE,"aggregates;include_three_way",TRUE
"cm2_cm3_bootstrap_summarize_rows","R/cm2_cm3_bootstrap_summary.R",87,FALSE,FALSE,TRUE,TRUE,TRUE,"observed;simulated;key;nused",TRUE
"cm2_cm3_attach_bootstrap_summaries","R/cm2_cm3_bootstrap_summary.R",130,FALSE,FALSE,TRUE,TRUE,TRUE,"values;aggregate_summary;margin_summary;include_three_way",TRUE
"normalize_cm2_cm3_bootstrap_control","R/cm2_cm3_bootstrap.R",32,FALSE,FALSE,TRUE,TRUE,TRUE,"bootstrap;nsim;seed;reestimate;bootstrap_max_step;bootstrap_jobs;keep_bootstrap_samples;resample_score_distribution",TRUE
"new_cm2_cm3_bootstrap_rng","R/cm2_cm3_bootstrap.R",94,FALSE,FALSE,TRUE,TRUE,TRUE,"seed",TRUE
"cm2_cm3_bootstrap_capability","R/cm2_cm3_bootstrap.R",151,FALSE,FALSE,TRUE,TRUE,TRUE,"context;state",TRUE
"cm2_cm3_bootstrap_groups","R/cm2_cm3_bootstrap.R",285,FALSE,FALSE,TRUE,TRUE,TRUE,"context",TRUE
"new_cm2_cm3_bootstrap_distribution_cache","R/cm2_cm3_bootstrap.R",361,FALSE,FALSE,TRUE,TRUE,TRUE,"context;state",TRUE
"cm2_cm3_score_group_lookup","R/cm2_cm3_counts.R",12,FALSE,FALSE,TRUE,TRUE,TRUE,"context;score_cuts",TRUE
"cm2_cm3_count_observed","R/cm2_cm3_counts.R",34,FALSE,FALSE,TRUE,TRUE,TRUE,"context;spec;score_group_lookup",TRUE
"cm2_cm3_count_item_item","R/cm2_cm3_counts.R",78,FALSE,FALSE,TRUE,TRUE,TRUE,"context;item1;item2",TRUE
"cm2_cm3_count_item_exogenous","R/cm2_cm3_counts.R",105,FALSE,FALSE,TRUE,TRUE,TRUE,"context;item;background",TRUE
"cm2_cm3_count_item_score_group","R/cm2_cm3_counts.R",132,FALSE,FALSE,TRUE,TRUE,TRUE,"context;item;score_group_lookup",TRUE
"cm2_cm3_count_item_item_item","R/cm2_cm3_counts.R",163,FALSE,FALSE,TRUE,TRUE,TRUE,"context;item1;item2;item3",TRUE
"cm2_cm3_count_item_item_exogenous","R/cm2_cm3_counts.R",191,FALSE,FALSE,TRUE,TRUE,TRUE,"context;item1;item2;background",TRUE
"cm2_cm3_count_item_item_score_group","R/cm2_cm3_counts.R",227,FALSE,FALSE,TRUE,TRUE,TRUE,"context;item1;item2;score_group_lookup",TRUE
"cm2_cm3_count_item_exogenous_exogenous","R/cm2_cm3_counts.R",265,FALSE,FALSE,TRUE,TRUE,TRUE,"context;item;background1;background2",TRUE
"cm2_cm3_count_item_exogenous_score_group","R/cm2_cm3_counts.R",301,FALSE,FALSE,TRUE,TRUE,TRUE,"context;item;background;score_group_lookup",TRUE
"cm2_cm3_fill_observed","R/cm2_cm3_counts.R",340,FALSE,FALSE,TRUE,TRUE,TRUE,"out;index1;index2;index3",TRUE
"cm2_cm3_lookup_scores","R/cm2_cm3_counts.R",375,FALSE,FALSE,TRUE,TRUE,TRUE,"score_group_lookup;scores",TRUE
"cm2_cm3_item_raw_max","R/cm2_cm3_counts.R",392,FALSE,FALSE,TRUE,TRUE,TRUE,"context;item",TRUE
"cm2_cm3_background_raw_max","R/cm2_cm3_counts.R",406,FALSE,FALSE,TRUE,TRUE,TRUE,"context;background",TRUE
"cm2_cm3_score_group_count","R/cm2_cm3_counts.R",421,FALSE,FALSE,TRUE,TRUE,TRUE,"score_group_lookup",TRUE
"cm2_cm3_item_labels","R/cm2_cm3_counts.R",437,FALSE,FALSE,TRUE,TRUE,TRUE,"raw_max",TRUE
"cm2_cm3_background_labels","R/cm2_cm3_counts.R",449,FALSE,FALSE,TRUE,TRUE,TRUE,"raw_max",TRUE
"cm2_cm3_score_group_labels","R/cm2_cm3_counts.R",461,FALSE,FALSE,TRUE,TRUE,TRUE,"score_group_lookup",TRUE
"new_cm2_cm3_focus_probability_cache","R/cm2_cm3_expected.R",22,FALSE,FALSE,TRUE,TRUE,TRUE,"context;state",TRUE
"cm2_cm3_focus_background_state","R/cm2_cm3_expected.R",45,FALSE,FALSE,TRUE,TRUE,TRUE,"cache;background_values",TRUE
"cm2_cm3_focus_traversal_plan","R/cm2_cm3_expected.R",122,FALSE,FALSE,TRUE,TRUE,TRUE,"background_state;context;focus_items",TRUE
"cm2_cm3_focus_cache_key","R/cm2_cm3_expected.R",190,FALSE,FALSE,TRUE,TRUE,TRUE,"focus_items;total_score;background_values;context",TRUE
"cm2_cm3_focus_probabilities","R/cm2_cm3_expected.R",211,FALSE,FALSE,TRUE,TRUE,TRUE,"cache;focus_items;total_score;background_values",TRUE
"cm2_cm3_calculate_focus_probabilities","R/cm2_cm3_expected.R",251,FALSE,FALSE,TRUE,TRUE,TRUE,"context;state;components;focus_items;total_score;background_values;background_state",TRUE
"cm2_cm3_convolve_component_gammas","R/cm2_cm3_expected.R",342,FALSE,FALSE,TRUE,TRUE,TRUE,"gammas;max_total_score",TRUE
"cm2_cm3_expected_table","R/cm2_cm3_expected.R",362,FALSE,FALSE,TRUE,TRUE,TRUE,"context;state;spec;score_group_lookup;probability_cache",TRUE
"cm2_cm3_expected_item_item","R/cm2_cm3_expected.R",389,FALSE,FALSE,TRUE,TRUE,TRUE,"context;spec;score_groups;cache",TRUE
"cm2_cm3_expected_item_exogenous","R/cm2_cm3_expected.R",408,FALSE,FALSE,TRUE,TRUE,TRUE,"context;spec;score_groups;cache",TRUE
"cm2_cm3_expected_item_score_group","R/cm2_cm3_expected.R",429,FALSE,FALSE,TRUE,TRUE,TRUE,"context;spec;score_group_lookup;cache",TRUE
"cm2_cm3_expected_item_item_item","R/cm2_cm3_expected.R",452,FALSE,FALSE,TRUE,TRUE,TRUE,"context;spec;score_groups;cache",TRUE
"cm2_cm3_expected_item_item_exogenous","R/cm2_cm3_expected.R",471,FALSE,FALSE,TRUE,TRUE,TRUE,"context;spec;score_groups;cache",TRUE
"cm2_cm3_expected_item_item_score_group","R/cm2_cm3_expected.R",492,FALSE,FALSE,TRUE,TRUE,TRUE,"context;spec;score_group_lookup;cache",TRUE
"cm2_cm3_expected_item_exogenous_exogenous","R/cm2_cm3_expected.R",515,FALSE,FALSE,TRUE,TRUE,TRUE,"context;spec;score_groups;cache",TRUE
"cm2_cm3_expected_item_exogenous_score_group","R/cm2_cm3_expected.R",540,FALSE,FALSE,TRUE,TRUE,TRUE,"context;spec;score_group_lookup;cache",TRUE
"cm2_cm3_expected_focus_table","R/cm2_cm3_expected.R",569,FALSE,FALSE,TRUE,TRUE,TRUE,"context;cache;focus_items;extra_dims;extra_value",TRUE
"cm2_cm3_source_score_background_groups","R/cm2_cm3_expected.R",614,FALSE,FALSE,TRUE,TRUE,TRUE,"context;rows",TRUE
"cm2_cm3_add_expected_probabilities","R/cm2_cm3_expected.R",685,FALSE,FALSE,TRUE,TRUE,TRUE,"out;probabilities;suffix;count",TRUE
"cm2_cm3_context_items","R/cm2_cm3_specs.R",11,FALSE,FALSE,TRUE,TRUE,TRUE,"context",TRUE
"cm2_cm3_context_backgrounds","R/cm2_cm3_specs.R",27,FALSE,FALSE,TRUE,TRUE,TRUE,"context",TRUE
"cm2_cm3_variable_labels","R/cm2_cm3_specs.R",45,FALSE,FALSE,TRUE,TRUE,TRUE,"variables",TRUE
"cm2_cm3_spec","R/cm2_cm3_specs.R",59,FALSE,FALSE,TRUE,TRUE,TRUE,"kind;...",TRUE
"cm2_cm3_selected_items","R/cm2_cm3_specs.R",76,FALSE,FALSE,TRUE,TRUE,TRUE,"context;items",TRUE
"cm2_cm3_prepare_margins","R/cm2_cm3_specs.R",183,FALSE,FALSE,TRUE,TRUE,TRUE,"context;selected_items;include_three_way",TRUE
"cm2_cm3_included_ld_lookup","R/cm2_cm3_specs.R",313,FALSE,FALSE,TRUE,TRUE,TRUE,"context",TRUE
"cm2_cm3_included_dif_lookup","R/cm2_cm3_specs.R",339,FALSE,FALSE,TRUE,TRUE,TRUE,"context",TRUE
"cm2_cm3_margin_label","R/cm2_cm3_specs.R",373,FALSE,FALSE,TRUE,TRUE,TRUE,"context;spec",TRUE
"cm2_cm3_margin_name","R/cm2_cm3_specs.R",389,FALSE,FALSE,TRUE,TRUE,TRUE,"context;spec",TRUE
"cm2_cm3_margin_public_variables","R/cm2_cm3_specs.R",405,FALSE,FALSE,TRUE,TRUE,TRUE,"context;spec",TRUE
"cm2_cm3_margin_string","R/cm2_cm3_specs.R",422,FALSE,FALSE,TRUE,TRUE,TRUE,"context;spec;use_labels",TRUE
"cm2_cm3_margin_variables","R/cm2_cm3_specs.R",436,FALSE,FALSE,TRUE,TRUE,TRUE,"context;spec;use_labels",TRUE
"cm2_values","R/cm2_cm3_values.R",14,FALSE,FALSE,TRUE,TRUE,TRUE,"fit;items;score_cuts;bootstrap_control",TRUE
"cm3_values","R/cm2_cm3_values.R",38,FALSE,FALSE,TRUE,TRUE,TRUE,"fit;items;score_cuts;bootstrap_control",TRUE
"cm2_cm3_values","R/cm2_cm3_values.R",63,FALSE,FALSE,TRUE,TRUE,TRUE,"fit;items;score_cuts;include_three_way;bootstrap_control",TRUE
"cm2_cm3_bh_thresholds","R/cm2_cm3_values.R",181,FALSE,FALSE,TRUE,TRUE,TRUE,"rows;diagnostic",TRUE
"cm2_cm3_fit_context_state","R/cm2_cm3_values.R",220,FALSE,FALSE,TRUE,TRUE,TRUE,"fit",TRUE
"cm2_cm3_selected_item_table","R/cm2_cm3_values.R",252,FALSE,FALSE,TRUE,TRUE,TRUE,"context;selected_indices",TRUE
"cm2_cm3_analyze_margin","R/cm2_cm3_values.R",275,FALSE,FALSE,TRUE,TRUE,TRUE,"context;state;spec;score_group_lookup;probability_cache",TRUE
"cm2_cm3_pearson_stat","R/cm2_cm3_values.R",309,FALSE,FALSE,TRUE,TRUE,TRUE,"observed;expected;df",TRUE
"cm2_cm3_df_two_way","R/cm2_cm3_values.R",338,FALSE,FALSE,TRUE,TRUE,TRUE,"dimensions",TRUE
"cm2_cm3_df_three_way","R/cm2_cm3_values.R",353,FALSE,FALSE,TRUE,TRUE,TRUE,"dimensions",TRUE
"cm2_cm3_aggregate_values","R/cm2_cm3_values.R",369,FALSE,FALSE,TRUE,TRUE,TRUE,"tests;context",TRUE
"cm2_cm3_aggregate_row","R/cm2_cm3_values.R",403,FALSE,FALSE,TRUE,TRUE,TRUE,"diagnostic;rows",TRUE
"cm2_cm3_invariance_rows","R/cm2_cm3_values.R",427,FALSE,FALSE,TRUE,TRUE,TRUE,"rows;context",TRUE
"cm2_cm3_margin_metadata","R/cm2_cm3_values.R",502,FALSE,FALSE,TRUE,TRUE,TRUE,"context;spec",TRUE
"cm2_cm3_public_margin_table","R/cm2_cm3_values.R",608,FALSE,FALSE,TRUE,TRUE,TRUE,"tests;context",TRUE
"cm2_cm3_nth_character","R/cm2_cm3_values.R",622,FALSE,FALSE,TRUE,TRUE,TRUE,"x;index;default",TRUE
"new_gRm_convergence_state","R/convergence_state.R",24,FALSE,FALSE,TRUE,TRUE,TRUE,"converged;iterations;report_delta;final_delta;tolerance;max_step;stop_reason;source_converged_before_post_acceptance;post_stop_accepted;report_value_source",TRUE
"gRm_rasch_convergence_state","R/convergence_state.R",73,FALSE,FALSE,TRUE,TRUE,TRUE,"fit;max_step;max_delta",TRUE
"gRm_gllrm_convergence_state","R/convergence_state.R",100,FALSE,FALSE,TRUE,TRUE,TRUE,"state;max_step;max_delta",TRUE
"source_ix_observed_df","R/dif_tests_values.R",12,FALSE,FALSE,TRUE,TRUE,TRUE,"observed_ix",TRUE
"dif_tests_source_gamma_counts","R/dif_tests_values.R",25,FALSE,FALSE,TRUE,TRUE,TRUE,"tab",TRUE
"build_dif_gamma_context","R/dif_tests_values.R",36,FALSE,FALSE,TRUE,TRUE,TRUE,"project",TRUE
"dif_tests_partial_gamma_stats","R/dif_tests_values.R",79,FALSE,FALSE,TRUE,TRUE,TRUE,"project;context;target_item;background_index",TRUE
"dif_tests_partial_gamma","R/dif_tests_values.R",123,FALSE,FALSE,TRUE,TRUE,TRUE,"project;context;target_item;background_index",TRUE
"convolve_score_vectors","R/dif_tests_values.R",136,FALSE,FALSE,TRUE,TRUE,TRUE,"left;right;max_total_score",TRUE
"base_rasch_loglike","R/dif_tests_values.R",165,FALSE,FALSE,TRUE,TRUE,TRUE,"bundle;item_gamma",TRUE
"dif_tests_values","R/dif_tests_values.R",212,FALSE,FALSE,TRUE,TRUE,TRUE,"project;max_step;max_delta;jobs;progress",TRUE
"gllrm_dif_tests_values","R/dif_tests_values.R",344,FALSE,FALSE,TRUE,TRUE,TRUE,"fit;max_step;max_delta;jobs",TRUE
"gllrm_context_dif_index","R/dif_tests_values.R",467,FALSE,FALSE,TRUE,TRUE,TRUE,"context;item;background",TRUE
"gllrm_no_dif_candidates","R/dif_tests_values.R",486,FALSE,FALSE,TRUE,TRUE,TRUE,"context",TRUE
"gllrm_dif_tests","R/dif_tests_values.R",509,FALSE,FALSE,TRUE,TRUE,TRUE,"context",TRUE
"gllrm_dif_pair_test","R/dif_tests_values.R",547,FALSE,FALSE,TRUE,TRUE,TRUE,"context;item;background",TRUE
"gllrm_dif_lookup","R/dif_tests_values.R",573,FALSE,FALSE,TRUE,TRUE,TRUE,"context",TRUE
"gllrm_dif_key","R/dif_tests_values.R",590,FALSE,FALSE,TRUE,TRUE,TRUE,"item;background",TRUE
"read_digram_csv","R/digram_project_io.R",25,FALSE,FALSE,FALSE,TRUE,TRUE,"csv_path;items;exo;idvar;output_dir;save_digram_files;name;digram_folder;na.strings",FALSE
"read_digram_files","R/digram_project_io.R",119,FALSE,FALSE,FALSE,TRUE,TRUE,"input_dir;items;exo;idvar;name;na.strings",FALSE
"find_digram_import_file","R/digram_project_io.R",207,FALSE,FALSE,FALSE,TRUE,TRUE,"directory;filename",FALSE
"read_digram_imp","R/digram_project_io.R",227,FALSE,FALSE,FALSE,TRUE,TRUE,"imp_path",FALSE
"resolve_digram_imp_path","R/digram_project_io.R",250,FALSE,FALSE,FALSE,TRUE,TRUE,"path;base_dir",FALSE
"write_digram_import_files","R/digram_project_io.R",284,FALSE,FALSE,FALSE,TRUE,TRUE,"data;project;idvar;output_dir;name;digram_folder;line_ending",FALSE
"digram_import_data","R/digram_project_io.R",334,FALSE,FALSE,FALSE,TRUE,TRUE,"data;project;idvar",FALSE
"ensure_digram_folder","R/digram_project_io.R",360,FALSE,FALSE,FALSE,TRUE,TRUE,"path",FALSE
"digram_imv_lines","R/digram_project_io.R",372,FALSE,FALSE,FALSE,TRUE,TRUE,"project",FALSE
"digram_category_labels","R/digram_project_io.R",395,FALSE,FALSE,FALSE,TRUE,TRUE,"",FALSE
"read_digram_imv","R/digram_project_io.R",411,FALSE,FALSE,FALSE,TRUE,TRUE,"imv_path",FALSE
"gRm_exact_command_state","R/exact_command_state.R",12,FALSE,FALSE,TRUE,TRUE,TRUE,"inference;nsim;seed;critlevel;risk",TRUE
"exact_integer_scalar","R/exact_command_state.R",99,FALSE,FALSE,TRUE,TRUE,TRUE,"value;name;nonnegative",TRUE
"gRm_exact_state_from_flags","R/exact_command_state.R",136,FALSE,FALSE,TRUE,TRUE,TRUE,"exact;repeated;nsim;seed",TRUE
"gRm_exact_command_state_public","R/exact_command_state.R",159,FALSE,FALSE,TRUE,TRUE,TRUE,"inference;nsim;seed;critlevel;risk",TRUE
"source_seq_p0","R/exact_command_state.R",191,FALSE,FALSE,TRUE,TRUE,TRUE,"critlevel",TRUE
"source_seq_alpha","R/exact_command_state.R",210,FALSE,FALSE,TRUE,TRUE,TRUE,"risk",TRUE
"source_seq_boundary","R/exact_command_state.R",237,FALSE,FALSE,TRUE,TRUE,TRUE,"critlevel;risk;nsim",TRUE
"gRm_source_score_cap","R/exo_select_values.R",8,FALSE,FALSE,TRUE,TRUE,TRUE,"",TRUE
"exo_select_values","R/exo_select_values.R",45,FALSE,FALSE,TRUE,TRUE,TRUE,"project;score_cap;exact;repeated;nsim;seed;exact_state",TRUE
"exo_select_missing_diagnostics","R/exo_select_values.R",150,FALSE,FALSE,TRUE,TRUE,TRUE,"project;scores;complete_item;valid_exo",TRUE
"exo_select_score_distribution","R/exo_select_values.R",204,FALSE,FALSE,TRUE,TRUE,TRUE,"scores;known;missing_known;min_score;max_score;largest_possible_score",TRUE
"exo_select_score_screen","R/exo_select_values.R",318,FALSE,FALSE,TRUE,TRUE,TRUE,"project;scores;complete_item;score_cap;exact;repeated;nsim;seed;exact_state",TRUE
"exo_select_stepwise_score_screening","R/exo_select_values.R",468,FALSE,FALSE,TRUE,TRUE,TRUE,"score_category;score_valid;score_in_range;exo_values;backgrounds;marginal_p_min;score_cap;exact;repeated;nsim;seed;exact_state",TRUE
"exo_select_repeated_count_cutoff","R/exo_select_values.R",577,FALSE,FALSE,TRUE,TRUE,TRUE,"project;exact_state",TRUE
"exo_select_bh_thresholds","R/exo_select_values.R",591,FALSE,FALSE,TRUE,TRUE,TRUE,"screen",TRUE
"exo_select_exact_test","R/exo_select_values.R",622,FALSE,FALSE,TRUE,TRUE,TRUE,"tab;observed_chi;observed_gamma;nsim;random_draw;seed;sequential;sequential_count_cutoff;seq_p0;seq_boundary",TRUE
"exo_select_gentab1","R/exo_select_values.R",709,FALSE,FALSE,TRUE,TRUE,TRUE,"tab;random_draw",TRUE
"exo_select_prepare_gentab1","R/exo_select_values.R",721,FALSE,FALSE,TRUE,TRUE,TRUE,"tab",TRUE
"exo_select_gentab1_prepared","R/exo_select_values.R",754,FALSE,FALSE,TRUE,TRUE,TRUE,"prepared;random_draw",TRUE
"source_conflimit99","R/exo_select_values.R",860,FALSE,FALSE,TRUE,TRUE,TRUE,"n;p",TRUE
"exo_select_gamma_test","R/exo_select_values.R",878,FALSE,FALSE,TRUE,TRUE,TRUE,"tab",TRUE
"exo_select_marker","R/exo_select_values.R",916,FALSE,FALSE,TRUE,TRUE,TRUE,"p_value;statistic;bh05;bh01;positive;chi",TRUE
"source_public_fit_item_support","R/fit_estimability.R",7,FALSE,FALSE,TRUE,TRUE,TRUE,"bundle",TRUE
"source_public_fit_free_cells","R/fit_estimability.R",36,FALSE,FALSE,TRUE,TRUE,TRUE,"observed",TRUE
"source_public_fit_support","R/fit_estimability.R",68,FALSE,FALSE,TRUE,TRUE,TRUE,"model;bundle",TRUE
"assert_public_estimable_fit_bundle","R/fit_estimability.R",117,FALSE,FALSE,TRUE,TRUE,TRUE,"bundle;model",TRUE
"assert_public_fit_values","R/fit_estimability.R",173,FALSE,FALSE,TRUE,TRUE,TRUE,"values",TRUE
"gamma_values","R/gamma_values.R",25,FALSE,FALSE,TRUE,TRUE,TRUE,"project",TRUE
"gRm_pairwise_gamma_table","R/gamma_values.R",90,FALSE,FALSE,TRUE,TRUE,TRUE,"row_values;col_values;row_dim;col_dim",TRUE
"gRm_goodman_kruskal_gamma","R/gamma_values.R",106,FALSE,FALSE,TRUE,TRUE,TRUE,"tab",TRUE
"gllrm_candidate_base_model","R/gllrm_candidate_fit.R",17,FALSE,FALSE,TRUE,TRUE,TRUE,"object",TRUE
"gllrm_candidate_ld_spec","R/gllrm_candidate_fit.R",53,FALSE,FALSE,TRUE,TRUE,TRUE,"object;item1;item2",TRUE
"gllrm_candidate_dif_spec","R/gllrm_candidate_fit.R",89,FALSE,FALSE,TRUE,TRUE,TRUE,"object;item;background",TRUE
"fit_gllrm_candidate_core","R/gllrm_candidate_fit.R",128,FALSE,FALSE,TRUE,TRUE,TRUE,"spec;bundle;max_step;max_delta",TRUE
"new_gllrm_candidate_fit","R/gllrm_candidate_fit.R",148,FALSE,FALSE,TRUE,TRUE,TRUE,"gllrm_fit;spec;max_step;max_delta",TRUE
"fit_gllrm_candidate_bundle","R/gllrm_candidate_fit.R",181,FALSE,FALSE,TRUE,TRUE,TRUE,"object;spec",TRUE
"fit_gllrm_candidate_ld","R/gllrm_candidate_fit.R",199,FALSE,FALSE,TRUE,TRUE,TRUE,"object;item1;item2;max_step;max_delta",TRUE
"fit_gllrm_candidate_dif","R/gllrm_candidate_fit.R",223,FALSE,FALSE,TRUE,TRUE,TRUE,"object;item;background;max_step;max_delta",TRUE
"gllrm_ld_components","R/gllrm_components.R",10,FALSE,FALSE,TRUE,TRUE,TRUE,"context",TRUE
"initialize_gllrm_state","R/gllrm_components.R",50,FALSE,FALSE,TRUE,TRUE,TRUE,"context",TRUE
"initialize_gllrm_state_from_parameters","R/gllrm_components.R",132,FALSE,FALSE,TRUE,TRUE,TRUE,"context;parameters",TRUE
"initial_gllrm_item_gamma","R/gllrm_components.R",196,FALSE,FALSE,TRUE,TRUE,TRUE,"context",TRUE
"gllrm_dif_map","R/gllrm_components.R",217,FALSE,FALSE,TRUE,TRUE,TRUE,"context",TRUE
"gllrm_dif_by_item","R/gllrm_components.R",237,FALSE,FALSE,TRUE,TRUE,TRUE,"context",TRUE
"gllrm_component_key","R/gllrm_components.R",266,FALSE,FALSE,TRUE,TRUE,TRUE,"component_items",TRUE
"gllrm_component_configurations","R/gllrm_components.R",280,FALSE,FALSE,TRUE,TRUE,TRUE,"context;component_items",TRUE
"gllrm_build_component_configurations","R/gllrm_components.R",298,FALSE,FALSE,TRUE,TRUE,TRUE,"context;component_items",TRUE
"gllrm_component_config_weight","R/gllrm_components.R",322,FALSE,FALSE,TRUE,TRUE,TRUE,"context;state;component_items;item_values;background_values",TRUE
"gllrm_component_config_weight_fast","R/gllrm_components.R",372,FALSE,FALSE,TRUE,TRUE,TRUE,"context;state;component_items;item_values;background_values;key",TRUE
"gllrm_component_config_weights_fast","R/gllrm_components.R",419,FALSE,FALSE,TRUE,TRUE,TRUE,"context;state;component_items;config_matrix;background_values;key",TRUE
"gllrm_component_gamma","R/gllrm_components.R",467,FALSE,FALSE,TRUE,TRUE,TRUE,"context;state;component_items;background_values",TRUE
"gllrm_normalize_component_gamma","R/gllrm_components.R",504,FALSE,FALSE,TRUE,TRUE,TRUE,"gamma",TRUE
"build_gllrm_context","R/gllrm_context.R",15,FALSE,FALSE,TRUE,TRUE,TRUE,"spec;bundle;max_joint_configs",TRUE
"gllrm_item_score_reference","R/gllrm_context.R",146,FALSE,FALSE,TRUE,TRUE,TRUE,"item_matrix;valid_rows;items",TRUE
"gllrm_metadata_matrix","R/gllrm_context.R",164,FALSE,FALSE,TRUE,TRUE,TRUE,"x",TRUE
"gllrm_ld_specs","R/gllrm_context.R",180,FALSE,FALSE,TRUE,TRUE,TRUE,"ld_terms;items",TRUE
"gllrm_dif_specs","R/gllrm_context.R",215,FALSE,FALSE,TRUE,TRUE,TRUE,"dif_terms;items;backgrounds",TRUE
"gllrm_item_matrix","R/gllrm_context.R",244,FALSE,FALSE,TRUE,TRUE,TRUE,"data;items",TRUE
"gllrm_background_matrix","R/gllrm_context.R",261,FALSE,FALSE,TRUE,TRUE,TRUE,"data;backgrounds",TRUE
"gllrm_observed_ld","R/gllrm_context.R",278,FALSE,FALSE,TRUE,TRUE,TRUE,"context",TRUE
"gllrm_observed_dif","R/gllrm_context.R",306,FALSE,FALSE,TRUE,TRUE,TRUE,"context",TRUE
"gllrm_score_exo_groups","R/gllrm_context.R",335,FALSE,FALSE,TRUE,TRUE,TRUE,"context;rows",TRUE
"gllrm_check_component_complexity","R/gllrm_context.R",386,FALSE,FALSE,TRUE,TRUE,TRUE,"context",TRUE
"calculate_gllrm_joint_expected_margins_r","R/gllrm_fit.R",11,FALSE,FALSE,TRUE,TRUE,TRUE,"context;state",TRUE
"calculate_gllrm_joint_expected_margins","R/gllrm_fit.R",76,FALSE,FALSE,TRUE,TRUE,TRUE,"context;state",TRUE
"gllrm_expected_native_available","R/gllrm_fit.R",91,FALSE,FALSE,TRUE,TRUE,TRUE,"",TRUE
"calculate_gllrm_joint_expected_margins_cpp","R/gllrm_fit.R",104,FALSE,FALSE,TRUE,TRUE,TRUE,"context;state",TRUE
"gllrm_expected_native_input","R/gllrm_fit.R",131,FALSE,FALSE,TRUE,TRUE,TRUE,"context",TRUE
"gllrm_component_convolutions","R/gllrm_fit.R",169,FALSE,FALSE,TRUE,TRUE,TRUE,"gamma_vectors;max_total_score",TRUE
"gllrm_group_background_values","R/gllrm_fit.R",204,FALSE,FALSE,TRUE,TRUE,TRUE,"context;group",TRUE
"gllrm_background_cache_key","R/gllrm_fit.R",222,FALSE,FALSE,TRUE,TRUE,TRUE,"context;background_values",TRUE
"gllrm_accumulate_component_expected","R/gllrm_fit.R",248,FALSE,FALSE,TRUE,TRUE,TRUE,"context;state;component_items;background_values;total_score;group_count;rest_gamma;component_scale;component_weights;denominator",TRUE
"update_gllrm_parameters_core","R/gllrm_fit.R",342,FALSE,FALSE,TRUE,TRUE,TRUE,"context;state;apply_update;track_delta",TRUE
"update_gllrm_parameters","R/gllrm_fit.R",403,FALSE,FALSE,TRUE,TRUE,TRUE,"context;state;apply_update;track_delta",TRUE
"update_gllrm_parameters_once","R/gllrm_fit.R",421,FALSE,FALSE,TRUE,TRUE,TRUE,"context;state",TRUE
"adjust_gllrm_dependency_parameters","R/gllrm_fit.R",447,FALSE,FALSE,TRUE,TRUE,TRUE,"context;state;absorb_ld_item_factors;reset_ld_reference;preserve_current_ties;initial_i_ref;initial_j_ref",TRUE
"gllrm_output_parameter_state","R/gllrm_fit.R",516,FALSE,FALSE,TRUE,TRUE,TRUE,"context;state",TRUE
"add_ld_item_log_factors","R/gllrm_fit.R",548,FALSE,FALSE,TRUE,TRUE,TRUE,"log_factors;item;factors;zero_factors",TRUE
"adjust_item_gammas_source_scale_log","R/gllrm_fit.R",570,FALSE,FALSE,TRUE,TRUE,TRUE,"bundle;item_gamma;log_factors;zero_factors",TRUE
"adjust_gllrm_dif_reference","R/gllrm_fit.R",658,FALSE,FALSE,TRUE,TRUE,TRUE,"observed;gamma",TRUE
"gllrm_loglike","R/gllrm_fit.R",723,FALSE,FALSE,TRUE,TRUE,TRUE,"context;state",TRUE
"gllrm_score_gamma","R/gllrm_fit.R",774,FALSE,FALSE,TRUE,TRUE,TRUE,"context;state;background_values",TRUE
"fit_gllrm","R/gllrm_fit.R",800,FALSE,FALSE,TRUE,TRUE,TRUE,"spec;max_step;max_delta;max_joint_configs;bundle;initial_parameters",TRUE
"fit_gllrm_with_added_ld_full_refit","R/gllrm_fit.R",885,FALSE,FALSE,TRUE,TRUE,TRUE,"object;item1;item2;max_step;max_delta",TRUE
"fit_gllrm_with_added_dif_full_refit","R/gllrm_fit.R",924,FALSE,FALSE,TRUE,TRUE,TRUE,"object;item;background;max_step;max_delta",TRUE
"fit_gllrm_with_added_ld","R/gllrm_fit.R",964,FALSE,FALSE,TRUE,TRUE,TRUE,"object;item1;item2;max_step;max_delta",TRUE
"fit_gllrm_with_added_dif","R/gllrm_fit.R",986,FALSE,FALSE,TRUE,TRUE,TRUE,"object;item;background;max_step;max_delta",TRUE
"new_gllrm_probability_cache","R/gllrm_probability_cache.R",19,FALSE,FALSE,TRUE,TRUE,TRUE,"context;state;components",TRUE
"gllrm_probability_cache_key","R/gllrm_probability_cache.R",39,FALSE,FALSE,TRUE,TRUE,TRUE,"context;total_score;background_values",TRUE
"gllrm_cached_item_probabilities","R/gllrm_probability_cache.R",57,FALSE,FALSE,TRUE,TRUE,TRUE,"cache;total_score;background_values",TRUE
"gllrm_cached_ld_probabilities","R/gllrm_probability_cache.R",85,FALSE,FALSE,TRUE,TRUE,TRUE,"cache;total_score;background_values",TRUE
"source_gllrm_control_state","R/gllrm_stop_state.R",13,FALSE,FALSE,TRUE,TRUE,TRUE,"n_valid;max_step;max_delta",TRUE
"source_gllrm_history_value","R/gllrm_stop_state.R",39,FALSE,FALSE,TRUE,TRUE,TRUE,"control;step",TRUE
"source_gllrm_recurring_delta_values","R/gllrm_stop_state.R",56,FALSE,FALSE,TRUE,TRUE,TRUE,"control",TRUE
"source_gllrm_stop_decision","R/gllrm_stop_state.R",78,FALSE,FALSE,TRUE,TRUE,TRUE,"control",TRUE
"source_gllrm_observe_delta","R/gllrm_stop_state.R",153,FALSE,FALSE,TRUE,TRUE,TRUE,"control;delta",TRUE
"source_gllrm_final_convergence","R/gllrm_stop_state.R",193,FALSE,FALSE,TRUE,TRUE,TRUE,"control",TRUE
"source_order_model_terms","R/gllrm_term_order.R",15,FALSE,FALSE,TRUE,TRUE,TRUE,"analysis;ld;dif",TRUE
"source_order_ld_table","R/gllrm_term_order.R",31,FALSE,FALSE,TRUE,TRUE,TRUE,"items;terms",TRUE
"source_order_dif_table","R/gllrm_term_order.R",65,FALSE,FALSE,TRUE,TRUE,TRUE,"items;backgrounds;terms",TRUE
"source_order_names","R/gllrm_term_order.R",94,FALSE,FALSE,TRUE,TRUE,TRUE,"x",TRUE
"gllrm_values","R/gllrm_values.R",18,FALSE,FALSE,TRUE,TRUE,TRUE,"gllrm_fit;spec",TRUE
"gllrm_item_values","R/gllrm_values.R",45,FALSE,FALSE,TRUE,TRUE,TRUE,"context;state",TRUE
"gllrm_detail_tables","R/gllrm_values.R",143,FALSE,FALSE,TRUE,TRUE,TRUE,"values",TRUE
"gllrm_ld_parameter_table","R/gllrm_values.R",165,FALSE,FALSE,TRUE,TRUE,TRUE,"context;parameters",TRUE
"gllrm_dif_parameter_table","R/gllrm_values.R",195,FALSE,FALSE,TRUE,TRUE,TRUE,"context;parameters",TRUE
"gllrm_item_margin_table","R/gllrm_values.R",227,FALSE,FALSE,TRUE,TRUE,TRUE,"context;mat;value_name",TRUE
"gllrm_ld_margin_table","R/gllrm_values.R",254,FALSE,FALSE,TRUE,TRUE,TRUE,"context;margins;value_name",TRUE
"gllrm_dif_margin_table","R/gllrm_values.R",288,FALSE,FALSE,TRUE,TRUE,TRUE,"context;margins;value_name",TRUE
"source_gamma_from_table","R/gllrm_values.R",320,FALSE,FALSE,TRUE,TRUE,TRUE,"table",TRUE
"standardize_parameter_table_source","R/gllrm_values.R",334,FALSE,FALSE,TRUE,TRUE,TRUE,"table;row_margins;col_margins",TRUE
"source_odds_ratio_from_gamma","R/gllrm_values.R",356,FALSE,FALSE,TRUE,TRUE,TRUE,"gamma",TRUE
"gllrm_ld_parameter_values","R/gllrm_values.R",373,FALSE,FALSE,TRUE,TRUE,TRUE,"context;state",TRUE
"gllrm_dif_parameter_values","R/gllrm_values.R",401,FALSE,FALSE,TRUE,TRUE,TRUE,"context;state",TRUE
"calculate_gllrm_n_parameters","R/gllrm_values.R",428,FALSE,FALSE,TRUE,TRUE,TRUE,"context",TRUE
"source_observed_margin_n_parameters","R/gllrm_values.R",445,FALSE,FALSE,TRUE,TRUE,TRUE,"observed",TRUE
"gllrm_global_homogeneity_uniform_dif","R/global_homogeneity_dif.R",11,FALSE,FALSE,TRUE,TRUE,TRUE,"fit;groups;probability_cache",TRUE
"gllrm_uniform_dif_scoregroup_tables","R/global_homogeneity_dif.R",41,FALSE,FALSE,TRUE,TRUE,TRUE,"context;groups;spec;probability_cache",TRUE
"gllrm_uniform_dif_scoregroup_tables_all","R/global_homogeneity_dif.R",60,FALSE,FALSE,TRUE,TRUE,TRUE,"context;groups;probability_cache",TRUE
"gllrm_uniform_dif_scoregroup_tables_for_specs","R/global_homogeneity_dif.R",80,FALSE,FALSE,TRUE,TRUE,TRUE,"context;groups;specs;probability_cache",TRUE
"gllrm_uniform_dif_summary_row","R/global_homogeneity_dif.R",149,FALSE,FALSE,TRUE,TRUE,TRUE,"context;groups;spec;tables",TRUE
"gllrm_uniform_dif_standardize_expected","R/global_homogeneity_dif.R",175,FALSE,FALSE,TRUE,TRUE,TRUE,"observed;expected",TRUE
"global_homogeneity_values","R/global_homogeneity_fit.R",32,FALSE,FALSE,TRUE,TRUE,TRUE,"project;score_cuts;max_step;max_delta;bundle;base_fit;fit",TRUE
"gllrm_global_homogeneity_values","R/global_homogeneity_fit.R",126,FALSE,FALSE,TRUE,TRUE,TRUE,"fit;score_cuts;max_step;max_delta",TRUE
"gllrm_global_homogeneity_uniform_ld","R/global_homogeneity_fit.R",227,FALSE,FALSE,TRUE,TRUE,TRUE,"fit;groups;probability_cache",TRUE
"gllrm_global_homogeneity_item_mean_rows","R/global_homogeneity_items.R",12,FALSE,FALSE,TRUE,TRUE,TRUE,"context;full_state;group;probability_cache",TRUE
"gllrm_global_homogeneity_expected_item_margin_tables","R/global_homogeneity_items.R",85,FALSE,FALSE,TRUE,TRUE,TRUE,"context;full_state;probability_cache",TRUE
"gllrm_global_homogeneity_item_variances","R/global_homogeneity_items.R",131,FALSE,FALSE,TRUE,TRUE,TRUE,"context;expected_tables",TRUE
"gllrm_global_homogeneity_score_item_n","R/global_homogeneity_items.R",180,FALSE,FALSE,TRUE,TRUE,TRUE,"context",TRUE
"gllrm_uniform_ld_scoregroup_tables","R/global_homogeneity_ld.R",13,FALSE,FALSE,TRUE,TRUE,TRUE,"context;groups;spec;ld_index;probability_cache",TRUE
"gllrm_uniform_ld_scoregroup_tables_all","R/global_homogeneity_ld.R",27,FALSE,FALSE,TRUE,TRUE,TRUE,"context;groups;probability_cache",TRUE
"gllrm_uniform_summary_stats","R/global_homogeneity_ld.R",88,FALSE,FALSE,TRUE,TRUE,TRUE,"tables;n_groups",TRUE
"gllrm_uniform_ld_summary_row","R/global_homogeneity_ld.R",139,FALSE,FALSE,TRUE,TRUE,TRUE,"context;groups;spec;tables",TRUE
"gllrm_group_ld_probabilities","R/global_homogeneity_ld.R",168,FALSE,FALSE,TRUE,TRUE,TRUE,"context;state;total_score;background_values;components",TRUE
"global_homogeneity_score_groups","R/global_homogeneity_values.R",9,FALSE,FALSE,TRUE,TRUE,TRUE,"bundle;score_cuts",TRUE
"global_homogeneity_score_group_lookup","R/global_homogeneity_values.R",68,FALSE,FALSE,TRUE,TRUE,TRUE,"groups;max_score",TRUE
"global_homogeneity_uniform_score_group_lookup","R/global_homogeneity_values.R",95,FALSE,FALSE,TRUE,TRUE,TRUE,"groups;max_score",TRUE
"global_homogeneity_lookup_score","R/global_homogeneity_values.R",124,FALSE,FALSE,TRUE,TRUE,TRUE,"lookup;score",TRUE
"gllrm_uniform_complete_rows","R/global_homogeneity_values.R",140,FALSE,FALSE,TRUE,TRUE,TRUE,"context;score_group_lookup",TRUE
"gRm_default_global_homogeneity_score_cuts","R/global_homogeneity_values.R",167,FALSE,FALSE,TRUE,TRUE,TRUE,"project",TRUE
"subset_bundle_to_score_group","R/global_homogeneity_values.R",203,FALSE,FALSE,TRUE,TRUE,TRUE,"bundle;from_score;to_score",TRUE
"global_homogeneity_item_mean_rows","R/global_homogeneity_values.R",232,FALSE,FALSE,TRUE,TRUE,TRUE,"bundle;fit;group;expected_item_gamma",TRUE
"global_homogeneity_expected_item_margin_tables","R/global_homogeneity_values.R",301,FALSE,FALSE,TRUE,TRUE,TRUE,"bundle;counts;item_gamma",TRUE
"global_homogeneity_score_gamma","R/global_homogeneity_values.R",374,FALSE,FALSE,TRUE,TRUE,TRUE,"bundle;item_gamma;use_items",TRUE
"global_homogeneity_summarize_tal","R/global_homogeneity_values.R",386,FALSE,FALSE,TRUE,TRUE,TRUE,"cells;item_max",TRUE
"%||%","R/internal-utils.R",9,FALSE,FALSE,FALSE,TRUE,TRUE,"x;y",FALSE
"calculate_conditional_item_fit_values","R/item_fits_conditional.R",12,FALSE,FALSE,TRUE,TRUE,TRUE,"bundle;fit;conditional;incomplete",TRUE
"conditional_item_fit_complete_accumulators","R/item_fits_conditional.R",57,FALSE,FALSE,TRUE,TRUE,TRUE,"bundle;conditional",TRUE
"conditional_item_fit_add_incomplete","R/item_fits_conditional.R",177,FALSE,FALSE,TRUE,TRUE,TRUE,"accumulators;bundle;item_gamma;incomplete",TRUE
"calculate_item_restscore_gamma_values","R/item_fits_conditional.R",236,FALSE,FALSE,TRUE,TRUE,TRUE,"bundle;fit;conditional;incomplete",TRUE
"item_restscore_gamma_item","R/item_fits_conditional.R",315,FALSE,FALSE,TRUE,TRUE,TRUE,"item_index;gamma_context",TRUE
"calculate_extended_item_fit_values","R/item_fits_extended.R",11,FALSE,FALSE,TRUE,TRUE,TRUE,"bundle;fit;conditional",TRUE
"extended_item_fit_score_row","R/item_fits_extended.R",128,FALSE,FALSE,TRUE,TRUE,TRUE,"items;data;item_index;score;n_score;observed_rows;item_scores;conditional;previous_row",TRUE
"extended_item_fit_summary_row","R/item_fits_extended.R",296,FALSE,FALSE,TRUE,TRUE,TRUE,"items;item_index;item_scores_df",TRUE
"extended_item_restscore_source_tables","R/item_fits_extended.R",339,FALSE,FALSE,TRUE,TRUE,TRUE,"bundle;conditional;base_score_counts;complete_items;observed_rows;item_scores;score_weights",TRUE
"restscore_matrix","R/item_fits_extended.R",410,FALSE,FALSE,TRUE,TRUE,TRUE,"item_max;rest_max",TRUE
"extended_global_restscore_tables","R/item_fits_extended.R",425,FALSE,FALSE,TRUE,TRUE,TRUE,"bundle;conditional;observed_gamma;base_score_counts",TRUE
"extended_local_restscore_tables","R/item_fits_extended.R",493,FALSE,FALSE,TRUE,TRUE,TRUE,"bundle;observed;expected;base_score_counts",TRUE
"extended_local_restscore_item","R/item_fits_extended.R",597,FALSE,FALSE,TRUE,TRUE,TRUE,"items;item_index;adjacent_score;max_score;counts;observed;expected",TRUE
"restscore_table_rows","R/item_fits_extended.R",697,FALSE,FALSE,TRUE,TRUE,TRUE,"items;item_index;local_restscore;observed_table;expected_table",TRUE
"gllrm_component_restscore_tables","R/item_fits_gllrm.R",11,FALSE,FALSE,TRUE,TRUE,TRUE,"context;state;component_items",TRUE
"component_restscore_table_rows","R/item_fits_gllrm.R",137,FALSE,FALSE,TRUE,TRUE,TRUE,"component;representative_item_label;observed_table;expected_table",TRUE
"gllrm_item_conditional_moments","R/item_fits_gllrm.R",171,FALSE,FALSE,TRUE,TRUE,TRUE,"context;state;include_probabilities;probability_cache",TRUE
"gllrm_group_item_probabilities","R/item_fits_gllrm.R",256,FALSE,FALSE,TRUE,TRUE,TRUE,"context;state;total_score;background_values;components",TRUE
"empty_source_incomplete_records","R/item_fits_incomplete.R",9,FALSE,FALSE,TRUE,TRUE,TRUE,"bundle",TRUE
"collect_source_incomplete_records","R/item_fits_incomplete.R",33,FALSE,FALSE,TRUE,TRUE,TRUE,"bundle",TRUE
"incomplete_expected_total_score","R/item_fits_incomplete.R",99,FALSE,FALSE,TRUE,TRUE,TRUE,"bundle;item_gamma;incomplete;record_index",TRUE
"build_source_subset_gamma","R/item_fits_incomplete.R",127,FALSE,FALSE,TRUE,TRUE,TRUE,"bundle;item_gamma;use_item",TRUE
"prepare_incomplete_item_restscore_gamma","R/item_fits_incomplete.R",164,FALSE,FALSE,TRUE,TRUE,TRUE,"bundle;item_gamma;incomplete",TRUE
"item_conditional_moments","R/item_fits_incomplete.R",256,FALSE,FALSE,TRUE,TRUE,TRUE,"bundle;item_gamma;include_probabilities",TRUE
"item_conditional_moment_for_subset","R/item_fits_incomplete.R",312,FALSE,FALSE,TRUE,TRUE,TRUE,"bundle;item_gamma;item_index;score;use_item",TRUE
"build_gamma_excluding_item_subset","R/item_fits_incomplete.R",351,FALSE,FALSE,TRUE,TRUE,TRUE,"bundle;item_gamma;excluded_item;use_item",TRUE
"build_source_subset_gamma_fast","R/item_fits_incomplete.R",397,FALSE,FALSE,TRUE,TRUE,TRUE,"items;item_gamma;use_item",TRUE
"goodman_kruskal_gamma","R/item_fits_statistics.R",9,FALSE,FALSE,TRUE,TRUE,TRUE,"tab",TRUE
"fitted_gamma_stats","R/item_fits_statistics.R",21,FALSE,FALSE,TRUE,TRUE,TRUE,"expected",TRUE
"item_fdr_risk","R/item_fits_statistics.R",53,FALSE,FALSE,TRUE,TRUE,TRUE,"p_values",TRUE
"item_fit_direction","R/item_fits_statistics.R",71,FALSE,FALSE,TRUE,TRUE,TRUE,"rows",TRUE
"safe_ratio","R/item_fits_statistics.R",88,FALSE,FALSE,TRUE,TRUE,TRUE,"numerator;denominator",TRUE
"safe_z","R/item_fits_statistics.R",105,FALSE,FALSE,TRUE,TRUE,TRUE,"observed;expected;variance",TRUE
"inf_replace","R/item_fits_statistics.R",121,FALSE,FALSE,TRUE,TRUE,TRUE,"x;value",TRUE
"two_sided_source_normal_p","R/item_fits_statistics.R",134,FALSE,FALSE,TRUE,TRUE,TRUE,"z",TRUE
"source_print_round","R/item_fits_statistics.R",148,FALSE,FALSE,TRUE,TRUE,TRUE,"value",TRUE
"item_fits_values","R/item_fits_values.R",12,FALSE,FALSE,TRUE,TRUE,TRUE,"project;max_step;max_delta;include_extended",TRUE
"assemble_item_fits_values","R/item_fits_values.R",34,FALSE,FALSE,TRUE,TRUE,TRUE,"bundle;fit_like;item_fit;gamma_fit;extended;component_gamma;gllrm_copy_exists",TRUE
"base_item_fits_values","R/item_fits_values.R",115,FALSE,FALSE,TRUE,TRUE,TRUE,"bundle;fit;include_extended",TRUE
"gllrm_item_fits_values","R/item_fits_values.R",150,FALSE,FALSE,TRUE,TRUE,TRUE,"fit;include_extended",TRUE
"gllrm_component_restscore_values","R/item_fits_values.R",206,FALSE,FALSE,TRUE,TRUE,TRUE,"context;state",TRUE
"source_threshold_from_gamma","R/item_parameters_values.R",12,FALSE,FALSE,TRUE,TRUE,TRUE,"gamma_values;score",TRUE
"source_location_from_gamma","R/item_parameters_values.R",35,FALSE,FALSE,TRUE,TRUE,TRUE,"gamma_values;max_score",TRUE
"ln_zero","R/item_parameters_values.R",62,FALSE,FALSE,TRUE,TRUE,TRUE,"value",TRUE
"true_score_from_gamma","R/item_parameters_values.R",80,FALSE,FALSE,TRUE,TRUE,TRUE,"theta;max_score;gamma_values",TRUE
"initialize_person_parameter2","R/item_parameters_values.R",115,FALSE,FALSE,TRUE,TRUE,TRUE,"target_score;max_score;gamma_values",TRUE
"estimate_person_parameter","R/item_parameters_values.R",145,FALSE,FALSE,TRUE,TRUE,TRUE,"target_score;max_score;gamma_values;max_iterations;max_delta",TRUE
"source_difficulty_from_gamma","R/item_parameters_values.R",206,FALSE,FALSE,TRUE,TRUE,TRUE,"gamma_values;max_score",TRUE
"score_probabilities_for_log_theta","R/item_parameters_values.R",228,FALSE,FALSE,TRUE,TRUE,TRUE,"log_theta;max_score;gamma_values",TRUE
"source_item_target","R/item_parameters_values.R",274,FALSE,FALSE,TRUE,TRUE,TRUE,"gamma_values;max_score",TRUE
"source_item_target_modes","R/item_parameters_values.R",289,FALSE,FALSE,TRUE,TRUE,TRUE,"gamma_values;max_score",TRUE
"source_item_information_from_gamma","R/item_parameters_values.R",344,FALSE,FALSE,TRUE,TRUE,TRUE,"gamma_values;max_score;log_theta",TRUE
"source_top_ice_cancellation_zero","R/item_parameters_values.R",388,FALSE,FALSE,TRUE,TRUE,TRUE,"value",TRUE
"calculate_observed_score_range","R/item_parameters_values.R",412,FALSE,FALSE,TRUE,TRUE,TRUE,"item_counts",TRUE
"calculate_source_n_parameters","R/item_parameters_values.R",439,FALSE,FALSE,TRUE,TRUE,TRUE,"item_counts",TRUE
"source_extended_native_capability","R/item_parameters_values.R",465,FALSE,FALSE,TRUE,TRUE,TRUE,"",TRUE
"source_extended_top_ice_cancellation_field","R/item_parameters_values.R",477,FALSE,FALSE,TRUE,TRUE,TRUE,"gamma_top;max_score",TRUE
"source_item_parameters_extended_ice_fields","R/item_parameters_values.R",495,FALSE,FALSE,TRUE,TRUE,TRUE,"fit;bundle",TRUE
"item_parameters_input_stats","R/item_parameters_values.R",512,FALSE,FALSE,TRUE,TRUE,TRUE,"bundle;gllrm_context",TRUE
"item_parameters_values","R/item_parameters_values.R",620,FALSE,FALSE,TRUE,TRUE,TRUE,"fit;bundle",TRUE
"local_independence_source_gamma_counts","R/local_independence_values.R",8,FALSE,FALSE,TRUE,TRUE,TRUE,"tab",TRUE
"build_local_independence_gamma_context","R/local_independence_values.R",19,FALSE,FALSE,TRUE,TRUE,TRUE,"project",TRUE
"local_independence_directed_gamma_counts","R/local_independence_values.R",48,FALSE,FALSE,TRUE,TRUE,TRUE,"context;item1;item2;items",TRUE
"local_independence_wpg_gamma","R/local_independence_values.R",86,FALSE,FALSE,TRUE,TRUE,TRUE,"project;context;item1;item2",TRUE
"adjust_ld_gamma_source_reference_details","R/local_independence_values.R",107,FALSE,FALSE,TRUE,TRUE,TRUE,"observed_ld;ld_gamma;i_ref;j_ref;preserve_current_ties",TRUE
"local_independence_values","R/local_independence_values.R",224,FALSE,FALSE,TRUE,TRUE,TRUE,"project;max_step;max_delta;jobs",TRUE
"gllrm_local_independence_values","R/local_independence_values.R",324,FALSE,FALSE,TRUE,TRUE,TRUE,"fit;max_step;max_delta;jobs",TRUE
"gllrm_context_ld_index","R/local_independence_values.R",441,FALSE,FALSE,TRUE,TRUE,TRUE,"context;item1;item2",TRUE
"gllrm_li_candidates","R/local_independence_values.R",461,FALSE,FALSE,TRUE,TRUE,TRUE,"context;components",TRUE
"gllrm_ld_lookup","R/local_independence_values.R",488,FALSE,FALSE,TRUE,TRUE,TRUE,"context",TRUE
"gllrm_ld_key","R/local_independence_values.R",505,FALSE,FALSE,TRUE,TRUE,TRUE,"item1;item2",TRUE
"source_ij_observed_df","R/local_independence_values.R",517,FALSE,FALSE,TRUE,TRUE,TRUE,"observed_ij",TRUE
"build_gRm_internal_project","R/project_input.R",23,FALSE,FALSE,FALSE,TRUE,TRUE,"data;items;exo;item_labels;exo_labels;item_max;exo_max;item_levels;exo_levels;paths",FALSE
"gRm_entry_aliases","R/project_input.R",101,FALSE,FALSE,FALSE,TRUE,TRUE,"",FALSE
"check_gRm_entry_labels","R/project_input.R",114,FALSE,FALSE,FALSE,TRUE,TRUE,"labels;expected;name",FALSE
"resolve_gRm_entry_levels","R/project_input.R",134,FALSE,FALSE,FALSE,TRUE,TRUE,"data;explicit;maxima;name",FALSE
"recycle_gRm_entry_integer","R/project_input.R",176,FALSE,FALSE,FALSE,TRUE,TRUE,"x;n;name;variable_names",FALSE
"recycle_gRm_entry_levels","R/project_input.R",207,FALSE,FALSE,FALSE,TRUE,TRUE,"x;n;name;variable_names",FALSE
"observed_gRm_entry_levels","R/project_input.R",242,FALSE,FALSE,FALSE,TRUE,TRUE,"column;name;variable_name",FALSE
"validate_gRm_entry_level_vector","R/project_input.R",269,FALSE,FALSE,FALSE,TRUE,TRUE,"levels;name;variable_name",FALSE
"gRm_entry_level_key","R/project_input.R",290,FALSE,FALSE,FALSE,TRUE,TRUE,"x",FALSE
"validate_gRm_entry_levels_observed","R/project_input.R",306,FALSE,FALSE,FALSE,TRUE,TRUE,"data;levels;name",FALSE
"encode_gRm_entry_data","R/project_input.R",338,FALSE,FALSE,FALSE,TRUE,TRUE,"data;levels;name",FALSE
"rasch_counts","R/rasch_base_fit.R",10,FALSE,FALSE,TRUE,TRUE,TRUE,"bundle",TRUE
"initial_item_gamma","R/rasch_base_fit.R",52,FALSE,FALSE,TRUE,TRUE,TRUE,"bundle",TRUE
"build_gamma_excluding_item","R/rasch_base_fit.R",78,FALSE,FALSE,TRUE,TRUE,TRUE,"bundle;item_gamma;excluded_item",TRUE
"build_source_score_gamma","R/rasch_base_fit.R",120,FALSE,FALSE,TRUE,TRUE,TRUE,"bundle;item_gamma;use_items",TRUE
"calculate_rasch_expected_items","R/rasch_base_fit.R",201,FALSE,FALSE,TRUE,TRUE,TRUE,"bundle;counts;item_gamma",TRUE
"calculate_rasch_update_ratios","R/rasch_base_fit.R",256,FALSE,FALSE,TRUE,TRUE,TRUE,"bundle;counts;expected;item_gamma;apply_update",TRUE
"adjust_item_gammas_source_scale","R/rasch_base_fit.R",305,FALSE,FALSE,TRUE,TRUE,TRUE,"bundle;item_gamma",TRUE
"fit_rasch_base","R/rasch_base_fit.R",413,FALSE,FALSE,TRUE,TRUE,TRUE,"bundle;max_step;max_delta",TRUE
"screen_j_conditional_try_native","R/screen_j_conditional.R",26,FALSE,FALSE,TRUE,TRUE,TRUE,"x;y;x_dim;y_dim;condition_values;condition_dims;valid;exact;nsim;seed;repeated;random_draw;seq_limit;use_native",TRUE
"screen_j_conditional_valid_rows","R/screen_j_conditional.R",73,FALSE,FALSE,TRUE,TRUE,TRUE,"x;y;x_dim;y_dim;condition_values;condition_dims;valid",TRUE
"screen_j_conditional_stratum_index","R/screen_j_conditional.R",102,FALSE,FALSE,TRUE,TRUE,TRUE,"condition_values;condition_dims",TRUE
"screen_j_conditional_empty_result","R/screen_j_conditional.R",127,FALSE,FALSE,TRUE,TRUE,TRUE,"exact;nsim",TRUE
"screen_j_conditional_slice_stats","R/screen_j_conditional.R",160,FALSE,FALSE,TRUE,TRUE,TRUE,"x;y;x_dim;y_dim;condition_values;condition_dims;valid;exact",TRUE
"screen_j_conditional_exact_results","R/screen_j_conditional.R",260,FALSE,FALSE,TRUE,TRUE,TRUE,"slices;chi_total;gamma;nsim;seed;repeated;random_draw;seq_limit;seq_p0;seq_boundary;use_native",TRUE
"screen_j_conditional_bias_test","R/screen_j_conditional.R",326,FALSE,FALSE,TRUE,TRUE,TRUE,"x;y;x_dim;y_dim;condition_values;condition_dims;valid;exact;nsim;seed;repeated;native;random_draw;seq_limit;seq_p0;seq_boundary",TRUE
"screen_j_conditional_bias_test_native","R/screen_j_conditional.R",439,FALSE,FALSE,TRUE,TRUE,TRUE,"x;y;x_dim;y_dim;condition_values;condition_dims;valid;exact;nsim;seed;repeated;seq_limit",TRUE
"screen_j_hypothesis_label","R/screen_j_conditional.R",503,FALSE,FALSE,TRUE,TRUE,TRUE,"first;second;given",TRUE
"screen_j_exa_p_values","R/screen_j_conditional.R",515,FALSE,FALSE,TRUE,TRUE,TRUE,"rows",TRUE
"screen_j_source_stepwise_p_min","R/screen_j_conditional.R",537,FALSE,FALSE,TRUE,TRUE,TRUE,"test;use_gamma;exact",TRUE
"screen_j_exo_values","R/screen_j_diagnostics.R",16,FALSE,FALSE,TRUE,TRUE,TRUE,"project;item_matrix;item_score;complete_items;items;backgrounds;max_score;partial",TRUE
"screen_j_weighted_partial_gamma","R/screen_j_diagnostics.R",137,FALSE,FALSE,TRUE,TRUE,TRUE,"ppq;pmq",TRUE
"screen_j_average_abs_partial_gamma","R/screen_j_diagnostics.R",160,FALSE,FALSE,TRUE,TRUE,TRUE,"gamma",TRUE
"screen_j_problem_counts","R/screen_j_diagnostics.R",187,FALSE,FALSE,TRUE,TRUE,TRUE,"gamma;p;fdr05;i;j;temp_p",TRUE
"screen_j_stepwise_local_dependence","R/screen_j_diagnostics.R",217,FALSE,FALSE,TRUE,TRUE,TRUE,"gamma;p;weighted_gamma;fdr05",TRUE
"screen_j_finalize_local_dependence","R/screen_j_diagnostics.R",300,FALSE,FALSE,TRUE,TRUE,TRUE,"gamma;stepwise_matrix;stepwise_rows",TRUE
"screen_j_post_screen_dif","R/screen_j_diagnostics.R",373,FALSE,FALSE,TRUE,TRUE,TRUE,"item_matrix;exo_values;item_score;complete_items;items;backgrounds;max_score;partial_exo;initial_item_bias;fdr_01;exact;nsim;seed;repeated;seq_limit;seq_p0;seq_boundary",TRUE
"screen_j_spurious_item_bias_analysis","R/screen_j_diagnostics.R",538,FALSE,FALSE,TRUE,TRUE,TRUE,"item_matrix;exo_values;item_score;complete_items;items;background;exo_index;biased_items;max_score;exact;nsim;seed;repeated;seq_limit;seq_p0;seq_boundary",TRUE
"screen_j_multiple_item_bias_analysis","R/screen_j_diagnostics.R",675,FALSE,FALSE,TRUE,TRUE,TRUE,"item_matrix;exo_values;item_score;complete_items;items;backgrounds;item_index;biased_exo;max_score;exact;nsim;seed;repeated;seq_limit;seq_p0;seq_boundary",TRUE
"screen_j_exact_native_available","R/screen_j_exact_native.R",8,FALSE,FALSE,TRUE,TRUE,TRUE,"",TRUE
"screen_j_conditional_native_allowed","R/screen_j_exact_native.R",30,FALSE,FALSE,TRUE,TRUE,TRUE,"repeated;seq_p0;seq_boundary",TRUE
"screen_j_conditional_native_controls_allowed","R/screen_j_exact_native.R",45,FALSE,FALSE,TRUE,TRUE,TRUE,"repeated;seq_p0;seq_boundary",TRUE
"screen_j_conditional_native_probe_fixtures","R/screen_j_exact_native.R",58,FALSE,FALSE,TRUE,TRUE,TRUE,"",TRUE
"screen_j_conditional_native_probe_matches","R/screen_j_exact_native.R",104,FALSE,FALSE,TRUE,TRUE,TRUE,"fixture;controls;repeated",TRUE
"screen_j_item_pair_native_allowed","R/screen_j_exact_native.R",159,FALSE,FALSE,TRUE,TRUE,TRUE,"repeated;seq_p0;seq_boundary",TRUE
"screen_j_item_pair_native_probe_fixtures","R/screen_j_exact_native.R",171,FALSE,FALSE,TRUE,TRUE,TRUE,"",TRUE
"screen_j_item_pair_probe_reference","R/screen_j_exact_native.R",206,FALSE,FALSE,TRUE,TRUE,TRUE,"args;controls;sequential",TRUE
"screen_j_item_pair_probe_matches","R/screen_j_exact_native.R",256,FALSE,FALSE,TRUE,TRUE,TRUE,"fixture;controls;sequential",TRUE
"screen_j_exact_chi_gamma_slices_native","R/screen_j_exact_native.R",327,FALSE,FALSE,TRUE,TRUE,TRUE,"slices;observed_chi;observed_gamma;nsim;seed;sequential;seq_limit",TRUE
"screen_j_exact_chi_gamma_trace_slices_native","R/screen_j_exact_native.R",364,FALSE,FALSE,TRUE,TRUE,TRUE,"slices;observed_chi;observed_gamma;nsim;seed;sequential;seq_limit",TRUE
"screen_j_exact_chi_slices_native","R/screen_j_exact_native.R",429,FALSE,FALSE,TRUE,TRUE,TRUE,"slices;observed_chi;nsim;seed;sequential;seq_limit",TRUE
"screen_j_exact_gamma_slices_native","R/screen_j_exact_native.R",461,FALSE,FALSE,TRUE,TRUE,TRUE,"slices;observed_gamma;nsim;seed",TRUE
"screen_j_item_pair_conditional_exact_native","R/screen_j_exact_native.R",493,FALSE,FALSE,TRUE,TRUE,TRUE,"x;y;x_dim;y_dim;condition_values;condition_dim;valid;nsim;seed;sequential;seq_limit",TRUE
"screen_j_prepare_exact_slices","R/screen_j_exact_native.R",559,FALSE,FALSE,TRUE,TRUE,TRUE,"slices",TRUE
"screen_j_prepare_exact_slice","R/screen_j_exact_native.R",572,FALSE,FALSE,TRUE,TRUE,TRUE,"slice",TRUE
"screen_j_expected_from_margins","R/screen_j_exact_native.R",592,FALSE,FALSE,TRUE,TRUE,TRUE,"row_total;col_total;grand_total",TRUE
"screen_j_rc_chi_square_prepared_expected","R/screen_j_exact_native.R",618,FALSE,FALSE,TRUE,TRUE,TRUE,"tab;prepared",TRUE
"screen_j_exact_partial_gamma","R/screen_j_exact.R",21,FALSE,FALSE,TRUE,TRUE,TRUE,"strata;observed_gamma;nsim;seed;observed_chi;sequential;seq_limit;seq_p0;seq_boundary",TRUE
"screen_j_exact_gamma_slices","R/screen_j_exact.R",58,FALSE,FALSE,TRUE,TRUE,TRUE,"slices;observed_gamma;nsim;seed",TRUE
"screen_j_exact_gamma_prepared","R/screen_j_exact.R",77,FALSE,FALSE,TRUE,TRUE,TRUE,"prepared_slices;observed_gamma;nsim;seed",TRUE
"screen_j_exact_gamma_prepared_r","R/screen_j_exact.R",92,FALSE,FALSE,TRUE,TRUE,TRUE,"prepared_slices;observed_gamma;nsim;seed",TRUE
"screen_j_exact_partial_chi","R/screen_j_exact.R",133,FALSE,FALSE,TRUE,TRUE,TRUE,"strata;observed_chi;nsim;seed;sequential;seq_limit;seq_p0;seq_boundary",TRUE
"screen_j_exact_chi_slices","R/screen_j_exact.R",168,FALSE,FALSE,TRUE,TRUE,TRUE,"slices;observed_chi;nsim;seed;sequential;seq_limit;seq_p0;seq_boundary",TRUE
"screen_j_exact_chi_prepared","R/screen_j_exact.R",219,FALSE,FALSE,TRUE,TRUE,TRUE,"prepared_slices;observed_chi;nsim;seed;sequential;seq_limit;seq_p0;seq_boundary",TRUE
"screen_j_exact_chi_prepared_r","R/screen_j_exact.R",254,FALSE,FALSE,TRUE,TRUE,TRUE,"prepared_slices;observed_chi;nsim;seed;sequential;seq_limit;seq_p0;seq_boundary",TRUE
"screen_j_exact_chi_gamma_slices","R/screen_j_exact.R",302,FALSE,FALSE,TRUE,TRUE,TRUE,"slices;observed_chi;observed_gamma;nsim;seed;sequential;seq_limit;seq_p0;seq_boundary",TRUE
"screen_j_exact_chi_gamma_prepared_r","R/screen_j_exact.R",362,FALSE,FALSE,TRUE,TRUE,TRUE,"prepared_slices;observed_chi;observed_gamma;nsim;seed;sequential;random_draw;seq_limit;seq_p0;seq_boundary;trace",TRUE
"screen_j_seq_t","R/screen_j_exact.R",511,FALSE,FALSE,TRUE,TRUE,TRUE,"exceed;sim;p0",TRUE
"screen_j_score_effect_values","R/screen_j_score_effects.R",22,FALSE,FALSE,TRUE,TRUE,TRUE,"project;item_matrix;item_score;complete_items;backgrounds;max_score;exact;nsim;seed;repeated;seq_limit;seq_p0;seq_boundary",TRUE
"screen_j_stepwise_score_screening","R/screen_j_score_effects.R",160,FALSE,FALSE,TRUE,TRUE,TRUE,"score_category;score_valid;score_in_range;exo_values;backgrounds;marginal_p_min;score_top;exact;nsim;seed;repeated;seq_limit;seq_p0;seq_boundary",TRUE
"screen_j_score_screening_p_values","R/screen_j_score_effects.R",278,FALSE,FALSE,TRUE,TRUE,TRUE,"rows",TRUE
"screen_j_score_report_rows","R/screen_j_score_effects.R",295,FALSE,FALSE,TRUE,TRUE,TRUE,"marginal_rows;screening_rows;exact",TRUE
"screen_j_conflimit99_field","R/screen_j_score_effects.R",334,FALSE,FALSE,TRUE,TRUE,TRUE,"n;p;field",TRUE
"screen_j_pair_table","R/screen_j_tables.R",13,FALSE,FALSE,TRUE,TRUE,TRUE,"x;y;x_dim;y_dim;valid",TRUE
"screen_rc_chi","R/screen_j_tables.R",31,FALSE,FALSE,TRUE,TRUE,TRUE,"tab",TRUE
"screen_rc_chi_square","R/screen_j_tables.R",60,FALSE,FALSE,TRUE,TRUE,TRUE,"tab",TRUE
"screen_rc_gamma","R/screen_j_tables.R",72,FALSE,FALSE,TRUE,TRUE,TRUE,"tab",TRUE
"screen_rc_gamma_counts","R/screen_j_tables.R",106,FALSE,FALSE,TRUE,TRUE,TRUE,"tab",TRUE
"screen_j_source_seed","R/screen_j_tables.R",118,FALSE,FALSE,TRUE,TRUE,TRUE,"seed",TRUE
"screen_j_source_random_stream","R/screen_j_tables.R",134,FALSE,FALSE,TRUE,TRUE,TRUE,"seed",TRUE
"screen_j_source_seed_after_draws","R/screen_j_tables.R",164,FALSE,FALSE,TRUE,TRUE,TRUE,"seed;draw_count",TRUE
"screen_j_repeated_seq_limit","R/screen_j_tables.R",196,FALSE,FALSE,TRUE,TRUE,TRUE,"project;repeated;nsim;exact_state",TRUE
"screen_j_strata_table","R/screen_j_tables.R",221,FALSE,FALSE,TRUE,TRUE,TRUE,"x;y;z;x_dim;y_dim;z_dim;valid",TRUE
"screen_j_strata_slices","R/screen_j_tables.R",239,FALSE,FALSE,TRUE,TRUE,TRUE,"strata",TRUE
"screen_j_source_informative_slice","R/screen_j_tables.R",253,FALSE,FALSE,TRUE,TRUE,TRUE,"slice",TRUE
"screen_j_partial_gamma","R/screen_j_tables.R",265,FALSE,FALSE,TRUE,TRUE,TRUE,"strata",TRUE
"screen_j_source_single","R/screen_j_tables.R",295,FALSE,FALSE,TRUE,TRUE,TRUE,"value",TRUE
"screen_j_partial_chi","R/screen_j_tables.R",308,FALSE,FALSE,TRUE,TRUE,TRUE,"strata",TRUE
"screen_j_rc_chi_source_expected","R/screen_j_tables.R",332,FALSE,FALSE,TRUE,TRUE,TRUE,"tab",TRUE
"screen_j_rc_chi_square_source_expected","R/screen_j_tables.R",352,FALSE,FALSE,TRUE,TRUE,TRUE,"tab",TRUE
"screen_j_values","R/screen_j_values.R",24,FALSE,FALSE,TRUE,TRUE,TRUE,"project;exact;repeated;nsim;seed;exact_state",TRUE
"screen_j_item_screening_values","R/screen_j_values.R",224,FALSE,FALSE,TRUE,TRUE,TRUE,"item_matrix;item_score;complete_items;good_items;items;max_score;exact;repeated;nsim;seed;seq_limit;seq_p0;seq_boundary",TRUE
"screen_j_assemble_values","R/screen_j_values.R",383,FALSE,FALSE,FALSE,TRUE,TRUE,"items;backgrounds;item_screen;marginal_exo;partial_exo;weighted_gamma;local_dependence;initial_item_bias;post_screen_dif;score_effects;bh_values;exact;nsim;seed",FALSE
"build_item_parameters_bundle","R/source_bundle.R",28,FALSE,FALSE,TRUE,TRUE,TRUE,"project",TRUE
"source_encode_project_rows","R/source_bundle.R",97,FALSE,FALSE,TRUE,TRUE,TRUE,"items;backgrounds;raw",TRUE
"source_classify_bundle_rows","R/source_bundle.R",187,FALSE,FALSE,TRUE,TRUE,TRUE,"encoded;estimation_largest_score",TRUE
"write_source_bundle","R/source_bundle.R",252,FALSE,FALSE,TRUE,TRUE,TRUE,"bundle;output_dir;extra_manifest",TRUE
"source_candidate_map","R/source_candidate_map.R",10,FALSE,FALSE,FALSE,TRUE,TRUE,"n_candidates;jobs;fit_one",FALSE
"source_rc_gamma_stats","R/source_gamma_stats.R",13,FALSE,FALSE,TRUE,TRUE,TRUE,"tab;include_cells",TRUE
"source_rc_gamma_counts","R/source_gamma_stats.R",72,FALSE,FALSE,TRUE,TRUE,TRUE,"tab",TRUE
"source_standardize_table_margins","R/source_gamma_stats.R",90,FALSE,FALSE,TRUE,TRUE,TRUE,"tab;row_margins;col_margins;n_iter",TRUE
"gamma_cell_tables","R/source_gamma_stats.R",127,FALSE,FALSE,TRUE,TRUE,TRUE,"tab",TRUE
"source_estimation_rows","R/source_record_policies.R",11,FALSE,FALSE,TRUE,TRUE,TRUE,"context",TRUE
"source_complete_item_rows","R/source_record_policies.R",26,FALSE,FALSE,TRUE,TRUE,TRUE,"context",TRUE
"source_complete_background_rows","R/source_record_policies.R",57,FALSE,FALSE,TRUE,TRUE,TRUE,"context",TRUE
"source_complete_item_exogenous_rows","R/source_record_policies.R",85,FALSE,FALSE,TRUE,TRUE,TRUE,"context",TRUE
"source_cm3_observed_ijk_rows","R/source_record_policies.R",105,FALSE,FALSE,TRUE,TRUE,TRUE,"context",TRUE
"items_select_values","R/source_score_groups.R",19,FALSE,FALSE,TRUE,TRUE,TRUE,"project",TRUE
"item_selection_default_cut","R/source_score_groups.R",135,FALSE,FALSE,TRUE,TRUE,TRUE,"score_counts",TRUE
"source_tail_norm","R/source_statistics.R",11,FALSE,FALSE,TRUE,TRUE,TRUE,"value;upper",TRUE
"source_pfchi","R/source_statistics.R",101,FALSE,FALSE,TRUE,TRUE,TRUE,"df;x",TRUE
"source_bh_critical","R/source_statistics.R",160,FALSE,FALSE,TRUE,TRUE,TRUE,"p_values;alpha",TRUE
